freq,unit,sectperf,geo,Ano,Valor
A,PC_HC,BES,AT,2013 ,17.56
A,PC_HC,BES,BA,2013 ,58.64
A,PC_HC,BES,BE,2013 ,24.93
A,PC_HC,BES,BG,2013 ,42.84
A,PC_HC,BES,CY,2013 ,31.27
A,PC_HC,BES,CZ,2013 ,13.92
A,PC_HC,BES,DE,2013 ,14.08
A,PC_HC,BES,DK,2013 ,26.6
A,PC_HC,BES,EA20,2013 ,19.58
A,PC_HC,BES,EA21,2013 ,19.67
A,PC_HC,BES,EE,2013 ,30.06
A,PC_HC,BES,EL,2013 ,26.5
A,PC_HC,BES,ES,2013 ,30.43
A,PC_HC,BES,EU27_2020,2013 ,20.04
A,PC_HC,BES,FI,2013 ,15.96
A,PC_HC,BES,FR,2013 ,19.86
A,PC_HC,BES,HR,2013 ,39.09
A,PC_HC,BES,HU,2013 ,17.89
A,PC_HC,BES,IE,2013 ,22.62
A,PC_HC,BES,IS,2013 ,33.96
A,PC_HC,BES,IT,2013 ,21.47
A,PC_HC,BES,JP,2013 ,8.1
A,PC_HC,BES,KR,2013 ,13.77
A,PC_HC,BES,LT,2013 ,31.01
A,PC_HC,BES,LU,2013 ,10.48
A,PC_HC,BES,LV,2013 ,41.72
A,PC_HC,BES,ME,2013 ,35.29
A,PC_HC,BES,MT,2013 ,26.45
A,PC_HC,BES,NL,2013 ,18.19
A,PC_HC,BES,NO,2013 ,22.67
A,PC_HC,BES,PL,2013 ,20.19
A,PC_HC,BES,PT,2013 ,35.03
A,PC_HC,BES,RO,2013 ,39.54
A,PC_HC,BES,RS,2013 ,46.42
A,PC_HC,BES,RU,2013 ,37.44
A,PC_HC,BES,SE,2013 ,23.12
A,PC_HC,BES,SI,2013 ,26.27
A,PC_HC,BES,SK,2013 ,20.15
A,PC_HC,BES,TR,2013 ,23.9
A,PC_HC,BES,UK,2013 ,20.68
A,PC_HC,GOV,AT,2013 ,45.74
A,PC_HC,GOV,BA,2013 ,29.9
A,PC_HC,GOV,BE,2013 ,36.47
A,PC_HC,GOV,BG,2013 ,56.87
A,PC_HC,GOV,CY,2013 ,51.06
A,PC_HC,GOV,CZ,2013 ,39.62
A,PC_HC,GOV,DE,2013 ,34.92
A,PC_HC,GOV,DK,2013 ,45.35
A,PC_HC,GOV,EA20,2013 ,41.53
A,PC_HC,GOV,EA21,2013 ,41.93
A,PC_HC,GOV,EE,2013 ,59.28
A,PC_HC,GOV,EL,2013 ,49.88
A,PC_HC,GOV,ES,2013 ,48.73
A,PC_HC,GOV,EU27_2020,2013 ,41.77
A,PC_HC,GOV,FI,2013 ,44.36
A,PC_HC,GOV,FR,2013 ,35.72
A,PC_HC,GOV,HR,2013 ,51.76
A,PC_HC,GOV,HU,2013 ,41.65
A,PC_HC,GOV,IE,2013 ,37.79
A,PC_HC,GOV,IS,2013 ,36.31
A,PC_HC,GOV,IT,2013 ,46.5
A,PC_HC,GOV,JP,2013 ,16.23
A,PC_HC,GOV,KR,2013 ,24.2
A,PC_HC,GOV,LT,2013 ,51.36
A,PC_HC,GOV,LU,2013 ,39.09
A,PC_HC,GOV,LV,2013 ,55.19
A,PC_HC,GOV,ME,2013 ,60.83
A,PC_HC,GOV,MT,2013 ,32.0
A,PC_HC,GOV,NL,2013 ,39.81
A,PC_HC,GOV,NO,2013 ,45.35
A,PC_HC,GOV,PL,2013 ,42.2
A,PC_HC,GOV,PT,2013 ,59.28
A,PC_HC,GOV,RO,2013 ,48.58
A,PC_HC,GOV,RS,2013 ,57.71
A,PC_HC,GOV,RU,2013 ,44.24
A,PC_HC,GOV,SE,2013 ,34.5
A,PC_HC,GOV,SI,2013 ,48.41
A,PC_HC,GOV,SK,2013 ,47.2
A,PC_HC,GOV,TR,2013 ,30.31
A,PC_HC,GOV,UK,2013 ,36.93
A,PC_HC,HES,AT,2013 ,39.7
A,PC_HC,HES,BA,2013 ,36.51
A,PC_HC,HES,BE,2013 ,40.96
A,PC_HC,HES,BG,2013 ,47.98
A,PC_HC,HES,CY,2013 ,38.84
A,PC_HC,HES,CZ,2013 ,35.57
A,PC_HC,HES,DE,2013 ,37.92
A,PC_HC,HES,DK,2013 ,43.2
A,PC_HC,HES,EA20,2013 ,40.05
A,PC_HC,HES,EA21,2013 ,40.11
A,PC_HC,HES,EE,2013 ,47.43
A,PC_HC,HES,EL,2013 ,38.93
A,PC_HC,HES,ES,2013 ,41.32
A,PC_HC,HES,EU27_2020,2013 ,40.52
A,PC_HC,HES,FI,2013 ,46.81
A,PC_HC,HES,FR,2013 ,33.21
A,PC_HC,HES,HR,2013 ,47.71
A,PC_HC,HES,HU,2013 ,38.66
A,PC_HC,HES,IE,2013 ,44.93
A,PC_HC,HES,IS,2013 ,51.1
A,PC_HC,HES,IT,2013 ,40.3
A,PC_HC,HES,JP,2013 ,25.41
A,PC_HC,HES,KR,2013 ,29.0
A,PC_HC,HES,LT,2013 ,54.76
A,PC_HC,HES,LU,2013 ,38.29
A,PC_HC,HES,LV,2013 ,53.54
A,PC_HC,HES,ME,2013 ,47.37
A,PC_HC,HES,MT,2013 ,33.0
A,PC_HC,HES,NL,2013 ,41.41
A,PC_HC,HES,NO,2013 ,46.5
A,PC_HC,HES,PL,2013 ,43.11
A,PC_HC,HES,PT,2013 ,48.4
A,PC_HC,HES,RO,2013 ,46.78
A,PC_HC,HES,RS,2013 ,48.58
A,PC_HC,HES,RU,2013 ,46.08
A,PC_HC,HES,SE,2013 ,44.44
A,PC_HC,HES,SI,2013 ,42.46
A,PC_HC,HES,SK,2013 ,45.81
A,PC_HC,HES,TR,2013 ,41.56
A,PC_HC,HES,UK,2013 ,44.63
A,PC_HC,PNP,AT,2013 ,42.93
A,PC_HC,PNP,BE,2013 ,44.34
A,PC_HC,PNP,BG,2013 ,29.03
A,PC_HC,PNP,CY,2013 ,31.3
A,PC_HC,PNP,CZ,2013 ,37.13
A,PC_HC,PNP,DK,2013 ,58.43
A,PC_HC,PNP,EA20,2013 ,47.17
A,PC_HC,PNP,EA21,2013 ,46.88
A,PC_HC,PNP,EE,2013 ,55.56
A,PC_HC,PNP,EL,2013 ,49.67
A,PC_HC,PNP,ES,2013 ,48.06
A,PC_HC,PNP,EU27_2020,2013 ,46.78
A,PC_HC,PNP,FI,2013 ,60.13
A,PC_HC,PNP,FR,2013 ,40.05
A,PC_HC,PNP,IT,2013 ,51.89
A,PC_HC,PNP,JP,2013 ,14.38
A,PC_HC,PNP,KR,2013 ,25.13
A,PC_HC,PNP,ME,2013 ,69.57
A,PC_HC,PNP,PL,2013 ,38.82
A,PC_HC,PNP,PT,2013 ,45.21
A,PC_HC,PNP,RO,2013 ,39.5
A,PC_HC,PNP,RS,2013 ,50.0
A,PC_HC,PNP,RU,2013 ,43.62
A,PC_HC,PNP,SE,2013 ,47.26
A,PC_HC,PNP,SI,2013 ,29.41
A,PC_HC,PNP,SK,2013 ,45.76
A,PC_HC,PNP,UK,2013 ,39.59
A,PC_HC,TOTAL,AT,2013 ,29.59
A,PC_HC,TOTAL,BA,2013 ,38.88
A,PC_HC,TOTAL,BE,2013 ,33.4
A,PC_HC,TOTAL,BG,2013 ,49.7
A,PC_HC,TOTAL,CY,2013 ,38.33
A,PC_HC,TOTAL,CZ,2013 ,28.25
A,PC_HC,TOTAL,DE,2013 ,27.95
A,PC_HC,TOTAL,DK,2013 ,34.52
A,PC_HC,TOTAL,EA20,2013 ,31.55
A,PC_HC,TOTAL,EA21,2013 ,31.71
A,PC_HC,TOTAL,EE,2013 ,44.42
A,PC_HC,TOTAL,EL,2013 ,39.38
A,PC_HC,TOTAL,ES,2013 ,39.34
A,PC_HC,TOTAL,EU27_2020,2013 ,32.21
A,PC_HC,TOTAL,FI,2013 ,31.49
A,PC_HC,TOTAL,FR,2013 ,25.46
A,PC_HC,TOTAL,HR,2013 ,47.75
A,PC_HC,TOTAL,HU,2013 ,30.32
A,PC_HC,TOTAL,IE,2013 ,35.25
A,PC_HC,TOTAL,IS,2013 ,43.83
A,PC_HC,TOTAL,IT,2013 ,35.7
A,PC_HC,TOTAL,JP,2013 ,14.63
A,PC_HC,TOTAL,KR,2013 ,18.18
A,PC_HC,TOTAL,LT,2013 ,51.22
A,PC_HC,TOTAL,LU,2013 ,27.28
A,PC_HC,TOTAL,LV,2013 ,51.97
A,PC_HC,TOTAL,ME,2013 ,50.9
A,PC_HC,TOTAL,MT,2013 ,30.37
A,PC_HC,TOTAL,NL,2013 ,24.56
A,PC_HC,TOTAL,NO,2013 ,36.95
A,PC_HC,TOTAL,PL,2013 ,37.79
A,PC_HC,TOTAL,PT,2013 ,45.42
A,PC_HC,TOTAL,RO,2013 ,45.69
A,PC_HC,TOTAL,RS,2013 ,50.46
A,PC_HC,TOTAL,RU,2013 ,40.88
A,PC_HC,TOTAL,SE,2013 ,33.27
A,PC_HC,TOTAL,SI,2013 ,35.99
A,PC_HC,TOTAL,SK,2013 ,42.7
A,PC_HC,TOTAL,TR,2013 ,36.23
A,PC_HC,TOTAL,UK,2013 ,38.1
A,PC_HC,BES,BA,2014 ,54.05
A,PC_HC,BES,BG,2014 ,39.58
A,PC_HC,BES,CY,2014 ,32.92
A,PC_HC,BES,CZ,2014 ,13.85
A,PC_HC,BES,EE,2014 ,29.89
A,PC_HC,BES,ES,2014 ,30.62
A,PC_HC,BES,FI,2014 ,16.59
A,PC_HC,BES,FR,2014 ,20.0
A,PC_HC,BES,HR,2014 ,42.19
A,PC_HC,BES,HU,2014 ,17.67
A,PC_HC,BES,IT,2014 ,22.33
A,PC_HC,BES,JP,2014 ,8.13
A,PC_HC,BES,KR,2014 ,14.2
A,PC_HC,BES,LT,2014 ,32.17
A,PC_HC,BES,ME,2014 ,36.59
A,PC_HC,BES,MT,2014 ,23.04
A,PC_HC,BES,NL,2014 ,18.62
A,PC_HC,BES,NO,2014 ,23.52
A,PC_HC,BES,PL,2014 ,19.47
A,PC_HC,BES,PT,2014 ,32.01
A,PC_HC,BES,RO,2014 ,40.1
A,PC_HC,BES,RS,2014 ,34.63
A,PC_HC,BES,RU,2014 ,36.7
A,PC_HC,BES,SI,2014 ,26.02
A,PC_HC,BES,SK,2014 ,18.48
A,PC_HC,BES,TR,2014 ,23.72
A,PC_HC,BES,UK,2014 ,20.26
A,PC_HC,GOV,BA,2014 ,34.78
A,PC_HC,GOV,BE,2014 ,36.72
A,PC_HC,GOV,BG,2014 ,58.4
A,PC_HC,GOV,CH,2014 ,34.8
A,PC_HC,GOV,CY,2014 ,56.32
A,PC_HC,GOV,CZ,2014 ,38.12
A,PC_HC,GOV,DE,2014 ,34.94
A,PC_HC,GOV,DK,2014 ,48.5
A,PC_HC,GOV,EA20,2014 ,41.51
A,PC_HC,GOV,EA21,2014 ,41.93
A,PC_HC,GOV,EE,2014 ,60.43
A,PC_HC,GOV,ES,2014 ,48.54
A,PC_HC,GOV,EU27_2020,2014 ,41.98
A,PC_HC,GOV,FI,2014 ,43.91
A,PC_HC,GOV,FR,2014 ,34.95
A,PC_HC,GOV,HR,2014 ,52.36
A,PC_HC,GOV,HU,2014 ,42.96
A,PC_HC,GOV,IE,2014 ,38.42
A,PC_HC,GOV,IT,2014 ,46.89
A,PC_HC,GOV,JP,2014 ,16.85
A,PC_HC,GOV,KR,2014 ,25.03
A,PC_HC,GOV,LT,2014 ,52.7
A,PC_HC,GOV,LU,2014 ,38.98
A,PC_HC,GOV,LV,2014 ,56.75
A,PC_HC,GOV,ME,2014 ,61.3
A,PC_HC,GOV,MT,2014 ,33.33
A,PC_HC,GOV,NL,2014 ,38.96
A,PC_HC,GOV,NO,2014 ,45.77
A,PC_HC,GOV,PL,2014 ,41.86
A,PC_HC,GOV,PT,2014 ,58.65
A,PC_HC,GOV,RO,2014 ,48.73
A,PC_HC,GOV,RS,2014 ,58.18
A,PC_HC,GOV,RU,2014 ,44.36
A,PC_HC,GOV,SI,2014 ,50.12
A,PC_HC,GOV,SK,2014 ,48.73
A,PC_HC,GOV,TR,2014 ,30.42
A,PC_HC,GOV,UK,2014 ,35.74
A,PC_HC,HES,BA,2014 ,44.24
A,PC_HC,HES,BE,2014 ,40.46
A,PC_HC,HES,BG,2014 ,48.75
A,PC_HC,HES,CY,2014 ,37.85
A,PC_HC,HES,CZ,2014 ,34.86
A,PC_HC,HES,DE,2014 ,38.18
A,PC_HC,HES,DK,2014 ,42.01
A,PC_HC,HES,EA20,2014 ,40.35
A,PC_HC,HES,EA21,2014 ,40.43
A,PC_HC,HES,EE,2014 ,47.31
A,PC_HC,HES,ES,2014 ,41.67
A,PC_HC,HES,EU27_2020,2014 ,40.78
A,PC_HC,HES,FI,2014 ,47.59
A,PC_HC,HES,FR,2014 ,35.44
A,PC_HC,HES,HR,2014 ,48.77
A,PC_HC,HES,HU,2014 ,38.96
A,PC_HC,HES,IE,2014 ,45.23
A,PC_HC,HES,IT,2014 ,40.33
A,PC_HC,HES,JP,2014 ,25.94
A,PC_HC,HES,KR,2014 ,29.36
A,PC_HC,HES,LT,2014 ,55.38
A,PC_HC,HES,LU,2014 ,39.2
A,PC_HC,HES,LV,2014 ,52.99
A,PC_HC,HES,ME,2014 ,44.71
A,PC_HC,HES,MT,2014 ,34.39
A,PC_HC,HES,NL,2014 ,41.8
A,PC_HC,HES,NO,2014 ,47.33
A,PC_HC,HES,PL,2014 ,43.28
A,PC_HC,HES,PT,2014 ,48.07
A,PC_HC,HES,RO,2014 ,47.16
A,PC_HC,HES,RS,2014 ,48.67
A,PC_HC,HES,RU,2014 ,45.94
A,PC_HC,HES,SI,2014 ,42.62
A,PC_HC,HES,SK,2014 ,45.69
A,PC_HC,HES,TR,2014 ,42.3
A,PC_HC,HES,UK,2014 ,44.08
A,PC_HC,PNP,BA,2014 ,50.0
A,PC_HC,PNP,BE,2014 ,44.19
A,PC_HC,PNP,BG,2014 ,44.14
A,PC_HC,PNP,CY,2014 ,31.16
A,PC_HC,PNP,CZ,2014 ,43.1
A,PC_HC,PNP,DK,2014 ,60.92
A,PC_HC,PNP,EA20,2014 ,47.58
A,PC_HC,PNP,EA21,2014 ,47.55
A,PC_HC,PNP,EE,2014 ,54.95
A,PC_HC,PNP,ES,2014 ,51.72
A,PC_HC,PNP,EU27_2020,2014 ,47.61
A,PC_HC,PNP,FI,2014 ,57.99
A,PC_HC,PNP,FR,2014 ,41.74
A,PC_HC,PNP,IT,2014 ,50.62
A,PC_HC,PNP,JP,2014 ,13.81
A,PC_HC,PNP,KR,2014 ,26.97
A,PC_HC,PNP,ME,2014 ,60.0
A,PC_HC,PNP,PL,2014 ,48.21
A,PC_HC,PNP,PT,2014 ,52.29
A,PC_HC,PNP,RO,2014 ,40.0
A,PC_HC,PNP,RS,2014 ,57.14
A,PC_HC,PNP,RU,2014 ,38.03
A,PC_HC,PNP,SI,2014 ,7.69
A,PC_HC,PNP,SK,2014 ,41.82
A,PC_HC,PNP,UK,2014 ,44.48
A,PC_HC,TOTAL,BA,2014 ,44.29
A,PC_HC,TOTAL,BG,2014 ,49.47
A,PC_HC,TOTAL,CY,2014 ,38.17
A,PC_HC,TOTAL,CZ,2014 ,27.19
A,PC_HC,TOTAL,EE,2014 ,44.02
A,PC_HC,TOTAL,ES,2014 ,39.59
A,PC_HC,TOTAL,FI,2014 ,32.1
A,PC_HC,TOTAL,FR,2014 ,26.14
A,PC_HC,TOTAL,HR,2014 ,48.91
A,PC_HC,TOTAL,HU,2014 ,30.36
A,PC_HC,TOTAL,IT,2014 ,36.02
A,PC_HC,TOTAL,JP,2014 ,14.7
A,PC_HC,TOTAL,KR,2014 ,18.49
A,PC_HC,TOTAL,LT,2014 ,50.25
A,PC_HC,TOTAL,LU,2014 ,39.12
A,PC_HC,TOTAL,ME,2014 ,49.12
A,PC_HC,TOTAL,MT,2014 ,30.39
A,PC_HC,TOTAL,NL,2014 ,24.93
A,PC_HC,TOTAL,NO,2014 ,37.43
A,PC_HC,TOTAL,PL,2014 ,37.23
A,PC_HC,TOTAL,PT,2014 ,44.29
A,PC_HC,TOTAL,RO,2014 ,46.01
A,PC_HC,TOTAL,RS,2014 ,49.15
A,PC_HC,TOTAL,RU,2014 ,40.52
A,PC_HC,TOTAL,SI,2014 ,36.09
A,PC_HC,TOTAL,SK,2014 ,42.49
A,PC_HC,TOTAL,TR,2014 ,36.89
A,PC_HC,TOTAL,UK,2014 ,37.41
A,PC_HC,BES,AT,2015 ,17.09
A,PC_HC,BES,BE,2015 ,27.15
A,PC_HC,BES,BG,2015 ,37.54
A,PC_HC,BES,CH,2015 ,23.33
A,PC_HC,BES,CY,2015 ,32.41
A,PC_HC,BES,CZ,2015 ,12.81
A,PC_HC,BES,DE,2015 ,14.72
A,PC_HC,BES,DK,2015 ,24.47
A,PC_HC,BES,EA20,2015 ,20.01
A,PC_HC,BES,EA21,2015 ,20.14
A,PC_HC,BES,EE,2015 ,27.95
A,PC_HC,BES,EL,2015 ,27.61
A,PC_HC,BES,ES,2015 ,30.67
A,PC_HC,BES,EU27_2020,2015 ,20.22
A,PC_HC,BES,FI,2015 ,17.33
A,PC_HC,BES,HR,2015 ,42.15
A,PC_HC,BES,HU,2015 ,18.08
A,PC_HC,BES,IE,2015 ,24.06
A,PC_HC,BES,IT,2015 ,23.06
A,PC_HC,BES,JP,2015 ,8.56
A,PC_HC,BES,KR,2015 ,14.85
A,PC_HC,BES,LT,2015 ,29.25
A,PC_HC,BES,LU,2015 ,11.89
A,PC_HC,BES,LV,2015 ,40.65
A,PC_HC,BES,ME,2015 ,36.44
A,PC_HC,BES,MK,2015 ,57.22
A,PC_HC,BES,MT,2015 ,20.97
A,PC_HC,BES,NL,2015 ,18.8
A,PC_HC,BES,NO,2015 ,22.81
A,PC_HC,BES,PL,2015 ,20.28
A,PC_HC,BES,PT,2015 ,31.15
A,PC_HC,BES,RO,2015 ,34.57
A,PC_HC,BES,RS,2015 ,33.79
A,PC_HC,BES,RU,2015 ,36.39
A,PC_HC,BES,SE,2015 ,21.55
A,PC_HC,BES,SI,2015 ,26.04
A,PC_HC,BES,SK,2015 ,17.65
A,PC_HC,BES,TR,2015 ,24.37
A,PC_HC,BES,UK,2015 ,21.12
A,PC_HC,GOV,AT,2015 ,46.49
A,PC_HC,GOV,BE,2015 ,37.21
A,PC_HC,GOV,BG,2015 ,55.67
A,PC_HC,GOV,CH,2015 ,35.98
A,PC_HC,GOV,CY,2015 ,55.93
A,PC_HC,GOV,CZ,2015 ,38.84
A,PC_HC,GOV,DE,2015 ,35.43
A,PC_HC,GOV,DK,2015 ,49.67
A,PC_HC,GOV,EA20,2015 ,42.11
A,PC_HC,GOV,EA21,2015 ,42.42
A,PC_HC,GOV,EE,2015 ,61.23
A,PC_HC,GOV,EL,2015 ,42.97
A,PC_HC,GOV,ES,2015 ,50.22
A,PC_HC,GOV,EU27_2020,2015 ,42.66
A,PC_HC,GOV,FI,2015 ,44.19
A,PC_HC,GOV,HR,2015 ,52.36
A,PC_HC,GOV,HU,2015 ,42.89
A,PC_HC,GOV,IE,2015 ,41.01
A,PC_HC,GOV,IT,2015 ,47.62
A,PC_HC,GOV,JP,2015 ,17.75
A,PC_HC,GOV,KR,2015 ,24.92
A,PC_HC,GOV,LT,2015 ,51.06
A,PC_HC,GOV,LU,2015 ,39.82
A,PC_HC,GOV,LV,2015 ,57.97
A,PC_HC,GOV,ME,2015 ,54.97
A,PC_HC,GOV,MK,2015 ,49.76
A,PC_HC,GOV,MT,2015 ,26.47
A,PC_HC,GOV,NL,2015 ,38.5
A,PC_HC,GOV,NO,2015 ,46.46
A,PC_HC,GOV,PL,2015 ,41.82
A,PC_HC,GOV,PT,2015 ,58.94
A,PC_HC,GOV,RO,2015 ,49.37
A,PC_HC,GOV,RS,2015 ,57.2
A,PC_HC,GOV,RU,2015 ,43.99
A,PC_HC,GOV,SE,2015 ,45.57
A,PC_HC,GOV,SI,2015 ,50.03
A,PC_HC,GOV,SK,2015 ,49.48
A,PC_HC,GOV,TR,2015 ,30.39
A,PC_HC,GOV,UK,2015 ,37.8
A,PC_HC,HES,AT,2015 ,39.93
A,PC_HC,HES,BE,2015 ,41.59
A,PC_HC,HES,BG,2015 ,51.71
A,PC_HC,HES,CH,2015 ,38.78
A,PC_HC,HES,CY,2015 ,37.57
A,PC_HC,HES,CZ,2015 ,35.17
A,PC_HC,HES,DE,2015 ,38.7
A,PC_HC,HES,DK,2015 ,42.03
A,PC_HC,HES,EA20,2015 ,40.93
A,PC_HC,HES,EA21,2015 ,41.03
A,PC_HC,HES,EE,2015 ,47.35
A,PC_HC,HES,EL,2015 ,37.73
A,PC_HC,HES,ES,2015 ,41.91
A,PC_HC,HES,EU27_2020,2015 ,41.33
A,PC_HC,HES,FI,2015 ,47.73
A,PC_HC,HES,HR,2015 ,48.94
A,PC_HC,HES,HU,2015 ,39.44
A,PC_HC,HES,IE,2015 ,45.17
A,PC_HC,HES,IT,2015 ,40.83
A,PC_HC,HES,JP,2015 ,26.27
A,PC_HC,HES,KR,2015 ,29.48
A,PC_HC,HES,LT,2015 ,55.48
A,PC_HC,HES,LU,2015 ,38.14
A,PC_HC,HES,LV,2015 ,52.06
A,PC_HC,HES,ME,2015 ,44.56
A,PC_HC,HES,MK,2015 ,47.86
A,PC_HC,HES,MT,2015 ,33.14
A,PC_HC,HES,NL,2015 ,42.23
A,PC_HC,HES,NO,2015 ,47.59
A,PC_HC,HES,PL,2015 ,43.58
A,PC_HC,HES,PT,2015 ,48.6
A,PC_HC,HES,RO,2015 ,48.54
A,PC_HC,HES,RS,2015 ,48.96
A,PC_HC,HES,RU,2015 ,46.35
A,PC_HC,HES,SE,2015 ,44.85
A,PC_HC,HES,SI,2015 ,43.24
A,PC_HC,HES,SK,2015 ,46.07
A,PC_HC,HES,TR,2015 ,43.6
A,PC_HC,HES,UK,2015 ,45.33
A,PC_HC,PNP,AT,2015 ,48.79
A,PC_HC,PNP,BE,2015 ,49.15
A,PC_HC,PNP,BG,2015 ,46.26
A,PC_HC,PNP,CY,2015 ,30.3
A,PC_HC,PNP,CZ,2015 ,45.73
A,PC_HC,PNP,DK,2015 ,62.55
A,PC_HC,PNP,EA20,2015 ,48.73
A,PC_HC,PNP,EA21,2015 ,48.71
A,PC_HC,PNP,EE,2015 ,50.41
A,PC_HC,PNP,EL,2015 ,51.23
A,PC_HC,PNP,ES,2015 ,51.75
A,PC_HC,PNP,EU27_2020,2015 ,48.84
A,PC_HC,PNP,FI,2015 ,58.41
A,PC_HC,PNP,IT,2015 ,51.6
A,PC_HC,PNP,JP,2015 ,14.1
A,PC_HC,PNP,KR,2015 ,27.54
A,PC_HC,PNP,ME,2015 ,48.65
A,PC_HC,PNP,MK,2015 ,60.0
A,PC_HC,PNP,PL,2015 ,48.17
A,PC_HC,PNP,PT,2015 ,51.07
A,PC_HC,PNP,RO,2015 ,48.13
A,PC_HC,PNP,RS,2015 ,57.14
A,PC_HC,PNP,RU,2015 ,42.31
A,PC_HC,PNP,SE,2015 ,46.22
A,PC_HC,PNP,SI,2015 ,18.18
A,PC_HC,PNP,SK,2015 ,43.84
A,PC_HC,PNP,UK,2015 ,48.66
A,PC_HC,TOTAL,AT,2015 ,29.49
A,PC_HC,TOTAL,BE,2015 ,34.12
A,PC_HC,TOTAL,BG,2015 ,47.93
A,PC_HC,TOTAL,CH,2015 ,33.56
A,PC_HC,TOTAL,CY,2015 ,37.94
A,PC_HC,TOTAL,CZ,2015 ,26.94
A,PC_HC,TOTAL,DE,2015 ,28.0
A,PC_HC,TOTAL,DK,2015 ,33.84
A,PC_HC,TOTAL,EA20,2015 ,31.91
A,PC_HC,TOTAL,EA21,2015 ,32.07
A,PC_HC,TOTAL,EE,2015 ,43.88
A,PC_HC,TOTAL,EL,2015 ,38.0
A,PC_HC,TOTAL,ES,2015 ,40.03
A,PC_HC,TOTAL,EU27_2020,2015 ,32.46
A,PC_HC,TOTAL,FI,2015 ,32.29
A,PC_HC,TOTAL,HR,2015 ,48.91
A,PC_HC,TOTAL,HU,2015 ,30.84
A,PC_HC,TOTAL,IE,2015 ,35.32
A,PC_HC,TOTAL,IT,2015 ,36.04
A,PC_HC,TOTAL,JP,2015 ,15.25
A,PC_HC,TOTAL,KR,2015 ,18.9
A,PC_HC,TOTAL,LT,2015 ,50.74
A,PC_HC,TOTAL,LU,2015 ,28.36
A,PC_HC,TOTAL,LV,2015 ,51.02
A,PC_HC,TOTAL,ME,2015 ,47.57
A,PC_HC,TOTAL,MK,2015 ,49.05
A,PC_HC,TOTAL,MT,2015 ,28.54
A,PC_HC,TOTAL,NL,2015 ,25.2
A,PC_HC,TOTAL,NO,2015 ,37.38
A,PC_HC,TOTAL,PL,2015 ,37.02
A,PC_HC,TOTAL,PT,2015 ,44.14
A,PC_HC,TOTAL,RO,2015 ,46.23
A,PC_HC,TOTAL,RS,2015 ,49.23
A,PC_HC,TOTAL,RU,2015 ,40.31
A,PC_HC,TOTAL,SE,2015 ,33.72
A,PC_HC,TOTAL,SI,2015 ,36.49
A,PC_HC,TOTAL,SK,2015 ,42.19
A,PC_HC,TOTAL,TR,2015 ,37.46
A,PC_HC,TOTAL,UK,2015 ,38.59
A,PC_HC,BES,BG,2016 ,39.26
A,PC_HC,BES,CY,2016 ,29.0
A,PC_HC,BES,CZ,2016 ,12.61
A,PC_HC,BES,EE,2016 ,26.6
A,PC_HC,BES,ES,2016 ,30.45
A,PC_HC,BES,FI,2016 ,17.61
A,PC_HC,BES,FR,2016 ,20.47
A,PC_HC,BES,HR,2016 ,36.4
A,PC_HC,BES,HU,2016 ,17.73
A,PC_HC,BES,IT,2016 ,22.3
A,PC_HC,BES,JP,2016 ,9.06
A,PC_HC,BES,KR,2016 ,15.5
A,PC_HC,BES,LT,2016 ,33.6
A,PC_HC,BES,LV,2016 ,38.07
A,PC_HC,BES,MK,2016 ,60.7
A,PC_HC,BES,MT,2016 ,22.26
A,PC_HC,BES,NL,2016 ,20.08
A,PC_HC,BES,NO,2016 ,23.12
A,PC_HC,BES,PL,2016 ,22.65
A,PC_HC,BES,PT,2016 ,29.26
A,PC_HC,BES,RO,2016 ,34.02
A,PC_HC,BES,RS,2016 ,30.52
A,PC_HC,BES,SI,2016 ,24.33
A,PC_HC,BES,SK,2016 ,15.36
A,PC_HC,BES,TR,2016 ,24.63
A,PC_HC,BES,UK,2016 ,21.1
A,PC_HC,GOV,BE,2016 ,36.36
A,PC_HC,GOV,BG,2016 ,58.51
A,PC_HC,GOV,CY,2016 ,57.95
A,PC_HC,GOV,CZ,2016 ,40.2
A,PC_HC,GOV,DE,2016 ,35.69
A,PC_HC,GOV,DK,2016 ,51.66
A,PC_HC,GOV,EA20,2016 ,42.44
A,PC_HC,GOV,EA21,2016 ,42.81
A,PC_HC,GOV,EE,2016 ,60.83
A,PC_HC,GOV,ES,2016 ,50.96
A,PC_HC,GOV,EU27_2020,2016 ,43.44
A,PC_HC,GOV,FI,2016 ,41.27
A,PC_HC,GOV,FR,2016 ,36.91
A,PC_HC,GOV,HR,2016 ,52.5
A,PC_HC,GOV,HU,2016 ,42.37
A,PC_HC,GOV,IT,2016 ,47.67
A,PC_HC,GOV,JP,2016 ,18.16
A,PC_HC,GOV,KR,2016 ,25.54
A,PC_HC,GOV,LT,2016 ,51.34
A,PC_HC,GOV,LV,2016 ,57.99
A,PC_HC,GOV,MK,2016 ,51.72
A,PC_HC,GOV,MT,2016 ,30.3
A,PC_HC,GOV,NL,2016 ,40.59
A,PC_HC,GOV,NO,2016 ,46.68
A,PC_HC,GOV,PL,2016 ,58.19
A,PC_HC,GOV,PT,2016 ,60.9
A,PC_HC,GOV,RO,2016 ,49.14
A,PC_HC,GOV,RS,2016 ,57.36
A,PC_HC,GOV,SI,2016 ,49.54
A,PC_HC,GOV,SK,2016 ,48.85
A,PC_HC,GOV,TR,2016 ,32.29
A,PC_HC,GOV,UK,2016 ,38.09
A,PC_HC,HES,BE,2016 ,41.75
A,PC_HC,HES,BG,2016 ,51.87
A,PC_HC,HES,CY,2016 ,37.62
A,PC_HC,HES,CZ,2016 ,34.4
A,PC_HC,HES,DE,2016 ,38.92
A,PC_HC,HES,DK,2016 ,44.52
A,PC_HC,HES,EA20,2016 ,41.48
A,PC_HC,HES,EA21,2016 ,41.59
A,PC_HC,HES,EE,2016 ,47.84
A,PC_HC,HES,ES,2016 ,42.09
A,PC_HC,HES,EU27_2020,2016 ,41.8
A,PC_HC,HES,FI,2016 ,48.45
A,PC_HC,HES,FR,2016 ,39.59
A,PC_HC,HES,HR,2016 ,49.01
A,PC_HC,HES,HU,2016 ,39.89
A,PC_HC,HES,IE,2016 ,45.1
A,PC_HC,HES,IT,2016 ,41.05
A,PC_HC,HES,JP,2016 ,26.62
A,PC_HC,HES,KR,2016 ,30.37
A,PC_HC,HES,LT,2016 ,55.77
A,PC_HC,HES,LV,2016 ,54.07
A,PC_HC,HES,MK,2016 ,49.08
A,PC_HC,HES,MT,2016 ,33.06
A,PC_HC,HES,NL,2016 ,42.8
A,PC_HC,HES,NO,2016 ,48.18
A,PC_HC,HES,PL,2016 ,43.73
A,PC_HC,HES,PT,2016 ,48.81
A,PC_HC,HES,RO,2016 ,48.41
A,PC_HC,HES,RS,2016 ,49.27
A,PC_HC,HES,SI,2016 ,41.71
A,PC_HC,HES,SK,2016 ,45.95
A,PC_HC,HES,TR,2016 ,44.77
A,PC_HC,HES,UK,2016 ,45.52
A,PC_HC,PNP,BE,2016 ,49.64
A,PC_HC,PNP,BG,2016 ,50.0
A,PC_HC,PNP,CY,2016 ,27.97
A,PC_HC,PNP,CZ,2016 ,42.63
A,PC_HC,PNP,DK,2016 ,65.47
A,PC_HC,PNP,EA20,2016 ,48.81
A,PC_HC,PNP,EA21,2016 ,48.82
A,PC_HC,PNP,EE,2016 ,51.24
A,PC_HC,PNP,ES,2016 ,50.0
A,PC_HC,PNP,EU27_2020,2016 ,49.01
A,PC_HC,PNP,FI,2016 ,58.16
A,PC_HC,PNP,FR,2016 ,43.88
A,PC_HC,PNP,IT,2016 ,52.58
A,PC_HC,PNP,JP,2016 ,15.08
A,PC_HC,PNP,KR,2016 ,28.59
A,PC_HC,PNP,MK,2016 ,61.9
A,PC_HC,PNP,PL,2016 ,51.68
A,PC_HC,PNP,PT,2016 ,51.19
A,PC_HC,PNP,RO,2016 ,46.89
A,PC_HC,PNP,RS,2016 ,75.0
A,PC_HC,PNP,SI,2016 ,8.33
A,PC_HC,PNP,SK,2016 ,26.09
A,PC_HC,PNP,UK,2016 ,50.48
A,PC_HC,TOTAL,BG,2016 ,49.1
A,PC_HC,TOTAL,CY,2016 ,37.28
A,PC_HC,TOTAL,CZ,2016 ,26.65
A,PC_HC,TOTAL,EE,2016 ,43.55
A,PC_HC,TOTAL,ES,2016 ,40.15
A,PC_HC,TOTAL,FI,2016 ,32.52
A,PC_HC,TOTAL,FR,2016 ,28.0
A,PC_HC,TOTAL,HR,2016 ,47.74
A,PC_HC,TOTAL,HU,2016 ,30.76
A,PC_HC,TOTAL,IT,2016 ,35.19
A,PC_HC,TOTAL,JP,2016 ,15.7
A,PC_HC,TOTAL,KR,2016 ,19.67
A,PC_HC,TOTAL,LT,2016 ,51.57
A,PC_HC,TOTAL,LV,2016 ,52.18
A,PC_HC,TOTAL,MK,2016 ,50.82
A,PC_HC,TOTAL,MT,2016 ,28.71
A,PC_HC,TOTAL,NL,2016 ,26.05
A,PC_HC,TOTAL,NO,2016 ,37.58
A,PC_HC,TOTAL,PL,2016 ,36.44
A,PC_HC,TOTAL,PT,2016 ,43.48
A,PC_HC,TOTAL,RO,2016 ,45.78
A,PC_HC,TOTAL,RS,2016 ,48.41
A,PC_HC,TOTAL,SI,2016 ,34.51
A,PC_HC,TOTAL,SK,2016 ,41.42
A,PC_HC,TOTAL,TR,2016 ,37.94
A,PC_HC,TOTAL,UK,2016 ,38.67
A,PC_HC,BES,AT,2017 ,17.66
A,PC_HC,BES,BE,2017 ,28.65
A,PC_HC,BES,BG,2017 ,36.0
A,PC_HC,BES,CH,2017 ,27.01
A,PC_HC,BES,CY,2017 ,30.52
A,PC_HC,BES,CZ,2017 ,12.47
A,PC_HC,BES,DE,2017 ,14.71
A,PC_HC,BES,DK,2017 ,27.61
A,PC_HC,BES,EA20,2017 ,20.57
A,PC_HC,BES,EA21,2017 ,20.7
A,PC_HC,BES,EE,2017 ,25.14
A,PC_HC,BES,EL,2017 ,29.28
A,PC_HC,BES,ES,2017 ,30.92
A,PC_HC,BES,EU27_2020,2017 ,21.04
A,PC_HC,BES,FI,2017 ,17.39
A,PC_HC,BES,FR,2017 ,21.32
A,PC_HC,BES,HR,2017 ,35.58
A,PC_HC,BES,HU,2017 ,17.79
A,PC_HC,BES,IE,2017 ,25.33
A,PC_HC,BES,IS,2017 ,35.82
A,PC_HC,BES,IT,2017 ,21.53
A,PC_HC,BES,JP,2017 ,9.61
A,PC_HC,BES,KR,2017 ,15.95
A,PC_HC,BES,LT,2017 ,30.57
A,PC_HC,BES,LU,2017 ,15.74
A,PC_HC,BES,LV,2017 ,41.48
A,PC_HC,BES,ME,2017 ,32.76
A,PC_HC,BES,MK,2017 ,61.18
A,PC_HC,BES,MT,2017 ,24.87
A,PC_HC,BES,NL,2017 ,20.32
A,PC_HC,BES,NO,2017 ,23.91
A,PC_HC,BES,PL,2017 ,24.67
A,PC_HC,BES,PT,2017 ,29.83
A,PC_HC,BES,RO,2017 ,35.7
A,PC_HC,BES,RS,2017 ,33.04
A,PC_HC,BES,RU,2017 ,35.46
A,PC_HC,BES,SE,2017 ,22.15
A,PC_HC,BES,SI,2017 ,22.73
A,PC_HC,BES,SK,2017 ,17.0
A,PC_HC,BES,TR,2017 ,25.76
A,PC_HC,BES,UK,2017 ,21.99
A,PC_HC,GOV,AT,2017 ,40.97
A,PC_HC,GOV,BE,2017 ,36.57
A,PC_HC,GOV,BG,2017 ,57.77
A,PC_HC,GOV,CH,2017 ,35.97
A,PC_HC,GOV,CY,2017 ,59.16
A,PC_HC,GOV,CZ,2017 ,40.76
A,PC_HC,GOV,DE,2017 ,36.38
A,PC_HC,GOV,DK,2017 ,51.81
A,PC_HC,GOV,EA20,2017 ,42.62
A,PC_HC,GOV,EA21,2017 ,42.95
A,PC_HC,GOV,EE,2017 ,61.37
A,PC_HC,GOV,EL,2017 ,41.64
A,PC_HC,GOV,ES,2017 ,51.28
A,PC_HC,GOV,EU27_2020,2017 ,43.8
A,PC_HC,GOV,FI,2017 ,43.31
A,PC_HC,GOV,FR,2017 ,37.03
A,PC_HC,GOV,HR,2017 ,54.18
A,PC_HC,GOV,HU,2017 ,43.19
A,PC_HC,GOV,IE,2017 ,44.17
A,PC_HC,GOV,IS,2017 ,45.1
A,PC_HC,GOV,IT,2017 ,47.84
A,PC_HC,GOV,JP,2017 ,18.48
A,PC_HC,GOV,KR,2017 ,26.07
A,PC_HC,GOV,LT,2017 ,52.48
A,PC_HC,GOV,LU,2017 ,37.39
A,PC_HC,GOV,LV,2017 ,55.47
A,PC_HC,GOV,ME,2017 ,63.75
A,PC_HC,GOV,MK,2017 ,56.37
A,PC_HC,GOV,MT,2017 ,21.88
A,PC_HC,GOV,NL,2017 ,36.87
A,PC_HC,GOV,NO,2017 ,47.08
A,PC_HC,GOV,PL,2017 ,53.44
A,PC_HC,GOV,PT,2017 ,60.33
A,PC_HC,GOV,RO,2017 ,48.89
A,PC_HC,GOV,RS,2017 ,59.95
A,PC_HC,GOV,RU,2017 ,43.16
A,PC_HC,GOV,SE,2017 ,52.44
A,PC_HC,GOV,SI,2017 ,46.27
A,PC_HC,GOV,SK,2017 ,49.16
A,PC_HC,GOV,TR,2017 ,33.22
A,PC_HC,GOV,UK,2017 ,38.21
A,PC_HC,HES,AT,2017 ,40.79
A,PC_HC,HES,BE,2017 ,42.07
A,PC_HC,HES,BG,2017 ,52.41
A,PC_HC,HES,CH,2017 ,39.16
A,PC_HC,HES,CY,2017 ,38.37
A,PC_HC,HES,CZ,2017 ,34.46
A,PC_HC,HES,DE,2017 ,39.14
A,PC_HC,HES,DK,2017 ,43.73
A,PC_HC,HES,EA20,2017 ,41.84
A,PC_HC,HES,EA21,2017 ,41.93
A,PC_HC,HES,EE,2017 ,47.66
A,PC_HC,HES,EL,2017 ,40.07
A,PC_HC,HES,ES,2017 ,42.49
A,PC_HC,HES,EU27_2020,2017 ,42.29
A,PC_HC,HES,FI,2017 ,48.68
A,PC_HC,HES,FR,2017 ,39.87
A,PC_HC,HES,HR,2017 ,49.41
A,PC_HC,HES,HU,2017 ,40.13
A,PC_HC,HES,IE,2017 ,45.31
A,PC_HC,HES,IS,2017 ,52.53
A,PC_HC,HES,IT,2017 ,41.24
A,PC_HC,HES,JP,2017 ,27.05
A,PC_HC,HES,KR,2017 ,31.66
A,PC_HC,HES,LT,2017 ,54.95
A,PC_HC,HES,LU,2017 ,37.1
A,PC_HC,HES,LV,2017 ,53.94
A,PC_HC,HES,ME,2017 ,44.79
A,PC_HC,HES,MK,2017 ,49.86
A,PC_HC,HES,MT,2017 ,35.1
A,PC_HC,HES,NL,2017 ,43.15
A,PC_HC,HES,NO,2017 ,48.68
A,PC_HC,HES,PL,2017 ,45.57
A,PC_HC,HES,PT,2017 ,49.44
A,PC_HC,HES,RO,2017 ,49.37
A,PC_HC,HES,RS,2017 ,49.81
A,PC_HC,HES,RU,2017 ,46.34
A,PC_HC,HES,SE,2017 ,43.54
A,PC_HC,HES,SI,2017 ,41.77
A,PC_HC,HES,SK,2017 ,46.54
A,PC_HC,HES,TR,2017 ,45.02
A,PC_HC,HES,UK,2017 ,46.08
A,PC_HC,PNP,AT,2017 ,48.6
A,PC_HC,PNP,BE,2017 ,48.64
A,PC_HC,PNP,BG,2017 ,42.01
A,PC_HC,PNP,CY,2017 ,29.66
A,PC_HC,PNP,CZ,2017 ,38.36
A,PC_HC,PNP,DK,2017 ,62.55
A,PC_HC,PNP,EA20,2017 ,48.74
A,PC_HC,PNP,EA21,2017 ,48.67
A,PC_HC,PNP,EE,2017 ,53.1
A,PC_HC,PNP,EL,2017 ,49.9
A,PC_HC,PNP,ES,2017 ,51.99
A,PC_HC,PNP,EU27_2020,2017 ,48.28
A,PC_HC,PNP,FI,2017 ,58.17
A,PC_HC,PNP,FR,2017 ,43.9
A,PC_HC,PNP,IT,2017 ,52.73
A,PC_HC,PNP,JP,2017 ,15.31
A,PC_HC,PNP,KR,2017 ,28.64
A,PC_HC,PNP,ME,2017 ,53.13
A,PC_HC,PNP,MK,2017 ,62.12
A,PC_HC,PNP,PL,2017 ,45.44
A,PC_HC,PNP,PT,2017 ,50.41
A,PC_HC,PNP,RO,2017 ,30.88
A,PC_HC,PNP,RS,2017 ,50.0
A,PC_HC,PNP,RU,2017 ,43.77
A,PC_HC,PNP,SI,2017 ,30.77
A,PC_HC,PNP,SK,2017 ,28.0
A,PC_HC,PNP,UK,2017 ,46.51
A,PC_HC,TOTAL,AT,2017 ,30.06
A,PC_HC,TOTAL,BE,2017 ,34.82
A,PC_HC,TOTAL,BG,2017 ,47.37
A,PC_HC,TOTAL,CH,2017 ,35.2
A,PC_HC,TOTAL,CY,2017 ,38.06
A,PC_HC,TOTAL,CZ,2017 ,26.77
A,PC_HC,TOTAL,DE,2017 ,27.88
A,PC_HC,TOTAL,DK,2017 ,35.74
A,PC_HC,TOTAL,EA20,2017 ,32.12
A,PC_HC,TOTAL,EA21,2017 ,32.27
A,PC_HC,TOTAL,EE,2017 ,42.2
A,PC_HC,TOTAL,EL,2017 ,37.82
A,PC_HC,TOTAL,ES,2017 ,40.49
A,PC_HC,TOTAL,EU27_2020,2017 ,32.79
A,PC_HC,TOTAL,FI,2017 ,33.15
A,PC_HC,TOTAL,FR,2017 ,28.29
A,PC_HC,TOTAL,HR,2017 ,48.42
A,PC_HC,TOTAL,HU,2017 ,30.48
A,PC_HC,TOTAL,IE,2017 ,36.3
A,PC_HC,TOTAL,IS,2017 ,46.08
A,PC_HC,TOTAL,IT,2017 ,34.33
A,PC_HC,TOTAL,JP,2017 ,16.18
A,PC_HC,TOTAL,KR,2017 ,20.1
A,PC_HC,TOTAL,LT,2017 ,49.51
A,PC_HC,TOTAL,LU,2017 ,28.07
A,PC_HC,TOTAL,LV,2017 ,52.23
A,PC_HC,TOTAL,ME,2017 ,49.87
A,PC_HC,TOTAL,MK,2017 ,52.27
A,PC_HC,TOTAL,MT,2017 ,30.92
A,PC_HC,TOTAL,NL,2017 ,26.14
A,PC_HC,TOTAL,NO,2017 ,38.06
A,PC_HC,TOTAL,PL,2017 ,38.11
A,PC_HC,TOTAL,PT,2017 ,43.66
A,PC_HC,TOTAL,RO,2017 ,46.74
A,PC_HC,TOTAL,RS,2017 ,50.04
A,PC_HC,TOTAL,RU,2017 ,39.55
A,PC_HC,TOTAL,SE,2017 ,32.63
A,PC_HC,TOTAL,SI,2017 ,32.31
A,PC_HC,TOTAL,SK,2017 ,41.92
A,PC_HC,TOTAL,TR,2017 ,37.91
A,PC_HC,TOTAL,UK,2017 ,38.75
A,PC_HC,BES,BG,2018 ,34.41
A,PC_HC,BES,CY,2018 ,29.68
A,PC_HC,BES,CZ,2018 ,12.48
A,PC_HC,BES,EE,2018 ,27.96
A,PC_HC,BES,ES,2018 ,30.96
A,PC_HC,BES,FI,2018 ,18.12
A,PC_HC,BES,HR,2018 ,35.61
A,PC_HC,BES,HU,2018 ,17.68
A,PC_HC,BES,IS,2018 ,35.82
A,PC_HC,BES,IT,2018 ,21.79
A,PC_HC,BES,JP,2018 ,9.99
A,PC_HC,BES,KR,2018 ,16.29
A,PC_HC,BES,LT,2018 ,29.29
A,PC_HC,BES,LV,2018 ,37.86
A,PC_HC,BES,ME,2018 ,35.29
A,PC_HC,BES,MK,2018 ,58.3
A,PC_HC,BES,MT,2018 ,25.75
A,PC_HC,BES,NL,2018 ,21.27
A,PC_HC,BES,NO,2018 ,24.3
A,PC_HC,BES,PL,2018 ,23.82
A,PC_HC,BES,PT,2018 ,28.49
A,PC_HC,BES,RO,2018 ,32.55
A,PC_HC,BES,RS,2018 ,39.97
A,PC_HC,BES,RU,2018 ,34.65
A,PC_HC,BES,SI,2018 ,23.17
A,PC_HC,BES,SK,2018 ,15.92
A,PC_HC,BES,TR,2018 ,26.11
A,PC_HC,BES,UK,2018 ,21.58
A,PC_HC,GOV,BE,2018 ,35.78
A,PC_HC,GOV,BG,2018 ,56.65
A,PC_HC,GOV,CY,2018 ,58.46
A,PC_HC,GOV,CZ,2018 ,39.97
A,PC_HC,GOV,DE,2018 ,36.91
A,PC_HC,GOV,DK,2018 ,50.56
A,PC_HC,GOV,EA20,2018 ,43.06
A,PC_HC,GOV,EA21,2018 ,43.34
A,PC_HC,GOV,EE,2018 ,65.51
A,PC_HC,GOV,ES,2018 ,51.85
A,PC_HC,GOV,EU27_2020,2018 ,43.69
A,PC_HC,GOV,FI,2018 ,42.96
A,PC_HC,GOV,HR,2018 ,55.33
A,PC_HC,GOV,HU,2018 ,34.72
A,PC_HC,GOV,IS,2018 ,41.37
A,PC_HC,GOV,IT,2018 ,48.31
A,PC_HC,GOV,JP,2018 ,18.84
A,PC_HC,GOV,KR,2018 ,26.49
A,PC_HC,GOV,LT,2018 ,51.79
A,PC_HC,GOV,LV,2018 ,57.91
A,PC_HC,GOV,ME,2018 ,64.06
A,PC_HC,GOV,MK,2018 ,64.1
A,PC_HC,GOV,MT,2018 ,34.38
A,PC_HC,GOV,NL,2018 ,40.85
A,PC_HC,GOV,NO,2018 ,48.12
A,PC_HC,GOV,PL,2018 ,53.68
A,PC_HC,GOV,PT,2018 ,61.08
A,PC_HC,GOV,RO,2018 ,47.57
A,PC_HC,GOV,RS,2018 ,61.25
A,PC_HC,GOV,RU,2018 ,42.75
A,PC_HC,GOV,SI,2018 ,46.87
A,PC_HC,GOV,SK,2018 ,50.28
A,PC_HC,GOV,TR,2018 ,33.08
A,PC_HC,GOV,UK,2018 ,39.61
A,PC_HC,HES,BE,2018 ,42.43
A,PC_HC,HES,BG,2018 ,52.39
A,PC_HC,HES,CY,2018 ,38.37
A,PC_HC,HES,CZ,2018 ,34.69
A,PC_HC,HES,DE,2018 ,39.56
A,PC_HC,HES,DK,2018 ,43.66
A,PC_HC,HES,EA20,2018 ,42.26
A,PC_HC,HES,EA21,2018 ,42.36
A,PC_HC,HES,EE,2018 ,48.2
A,PC_HC,HES,ES,2018 ,43.11
A,PC_HC,HES,EU27_2020,2018 ,42.65
A,PC_HC,HES,FI,2018 ,49.19
A,PC_HC,HES,HR,2018 ,50.13
A,PC_HC,HES,HU,2018 ,36.14
A,PC_HC,HES,IS,2018 ,53.07
A,PC_HC,HES,IT,2018 ,41.43
A,PC_HC,HES,JP,2018 ,27.45
A,PC_HC,HES,KR,2018 ,31.98
A,PC_HC,HES,LT,2018 ,55.4
A,PC_HC,HES,LV,2018 ,52.36
A,PC_HC,HES,ME,2018 ,44.7
A,PC_HC,HES,MK,2018 ,50.83
A,PC_HC,HES,MT,2018 ,35.77
A,PC_HC,HES,NL,2018 ,43.74
A,PC_HC,HES,NO,2018 ,49.75
A,PC_HC,HES,PL,2018 ,46.24
A,PC_HC,HES,PT,2018 ,49.78
A,PC_HC,HES,RO,2018 ,50.39
A,PC_HC,HES,RS,2018 ,49.99
A,PC_HC,HES,RU,2018 ,46.16
A,PC_HC,HES,SI,2018 ,41.9
A,PC_HC,HES,SK,2018 ,46.21
A,PC_HC,HES,TR,2018 ,45.02
A,PC_HC,HES,UK,2018 ,46.37
A,PC_HC,PNP,BE,2018 ,48.58
A,PC_HC,PNP,BG,2018 ,48.15
A,PC_HC,PNP,CY,2018 ,29.8
A,PC_HC,PNP,CZ,2018 ,38.58
A,PC_HC,PNP,DK,2018 ,60.19
A,PC_HC,PNP,EE,2018 ,59.17
A,PC_HC,PNP,ES,2018 ,49.49
A,PC_HC,PNP,FI,2018 ,59.97
A,PC_HC,PNP,IT,2018 ,53.28
A,PC_HC,PNP,JP,2018 ,15.32
A,PC_HC,PNP,KR,2018 ,28.48
A,PC_HC,PNP,ME,2018 ,60.61
A,PC_HC,PNP,MK,2018 ,64.0
A,PC_HC,PNP,PL,2018 ,42.95
A,PC_HC,PNP,PT,2018 ,50.66
A,PC_HC,PNP,RO,2018 ,36.16
A,PC_HC,PNP,RS,2018 ,100.0
A,PC_HC,PNP,RU,2018 ,52.14
A,PC_HC,PNP,SI,2018 ,38.82
A,PC_HC,PNP,SK,2018 ,28.0
A,PC_HC,PNP,UK,2018 ,48.02
A,PC_HC,TOTAL,BG,2018 ,45.88
A,PC_HC,TOTAL,CY,2018 ,37.29
A,PC_HC,TOTAL,CZ,2018 ,26.56
A,PC_HC,TOTAL,EE,2018 ,43.94
A,PC_HC,TOTAL,ES,2018 ,40.77
A,PC_HC,TOTAL,FI,2018 ,33.7
A,PC_HC,TOTAL,HR,2018 ,49.0
A,PC_HC,TOTAL,HU,2018 ,27.95
A,PC_HC,TOTAL,IS,2018 ,46.07
A,PC_HC,TOTAL,IT,2018 ,33.78
A,PC_HC,TOTAL,JP,2018 ,16.56
A,PC_HC,TOTAL,KR,2018 ,20.37
A,PC_HC,TOTAL,LT,2018 ,49.0
A,PC_HC,TOTAL,LV,2018 ,50.68
A,PC_HC,TOTAL,ME,2018 ,49.56
A,PC_HC,TOTAL,MK,2018 ,53.41
A,PC_HC,TOTAL,MT,2018 ,32.19
A,PC_HC,TOTAL,NL,2018 ,27.04
A,PC_HC,TOTAL,NO,2018 ,38.76
A,PC_HC,TOTAL,PL,2018 ,37.9
A,PC_HC,TOTAL,PT,2018 ,43.25
A,PC_HC,TOTAL,RO,2018 ,46.25
A,PC_HC,TOTAL,RS,2018 ,51.37
A,PC_HC,TOTAL,RU,2018 ,39.22
A,PC_HC,TOTAL,SI,2018 ,32.54
A,PC_HC,TOTAL,SK,2018 ,41.19
A,PC_HC,TOTAL,TR,2018 ,37.2
A,PC_HC,TOTAL,UK,2018 ,38.6
A,PC_HC,BES,AT,2019 ,17.7
A,PC_HC,BES,BA,2019 ,54.31
A,PC_HC,BES,BE,2019 ,25.0
A,PC_HC,BES,BG,2019 ,35.59
A,PC_HC,BES,CH,2019 ,25.67
A,PC_HC,BES,CY,2019 ,28.9
A,PC_HC,BES,CZ,2019 ,13.17
A,PC_HC,BES,DE,2019 ,14.84
A,PC_HC,BES,DK,2019 ,25.55
A,PC_HC,BES,EA20,2019 ,21.08
A,PC_HC,BES,EA21,2019 ,21.21
A,PC_HC,BES,EE,2019 ,27.05
A,PC_HC,BES,EL,2019 ,31.18
A,PC_HC,BES,ES,2019 ,31.61
A,PC_HC,BES,EU27_2020,2019 ,21.42
A,PC_HC,BES,FI,2019 ,18.26
A,PC_HC,BES,HR,2019 ,32.1
A,PC_HC,BES,HU,2019 ,17.61
A,PC_HC,BES,IE,2019 ,27.33
A,PC_HC,BES,IT,2019 ,22.57
A,PC_HC,BES,JP,2019 ,10.19
A,PC_HC,BES,KR,2019 ,16.92
A,PC_HC,BES,LT,2019 ,34.13
A,PC_HC,BES,LU,2019 ,13.41
A,PC_HC,BES,LV,2019 ,37.09
A,PC_HC,BES,ME,2019 ,41.77
A,PC_HC,BES,MK,2019 ,57.3
A,PC_HC,BES,MT,2019 ,28.19
A,PC_HC,BES,NL,2019 ,22.25
A,PC_HC,BES,NO,2019 ,23.43
A,PC_HC,BES,PL,2019 ,23.73
A,PC_HC,BES,PT,2019 ,28.54
A,PC_HC,BES,RO,2019 ,33.87
A,PC_HC,BES,RS,2019 ,39.11
A,PC_HC,BES,RU,2019 ,34.47
A,PC_HC,BES,SE,2019 ,23.93
A,PC_HC,BES,SI,2019 ,23.58
A,PC_HC,BES,SK,2019 ,15.93
A,PC_HC,BES,TR,2019 ,26.29
A,PC_HC,GOV,AT,2019 ,42.18
A,PC_HC,GOV,BA,2019 ,50.94
A,PC_HC,GOV,BE,2019 ,35.49
A,PC_HC,GOV,BG,2019 ,55.98
A,PC_HC,GOV,CH,2019 ,39.23
A,PC_HC,GOV,CY,2019 ,58.29
A,PC_HC,GOV,CZ,2019 ,40.24
A,PC_HC,GOV,DE,2019 ,37.23
A,PC_HC,GOV,DK,2019 ,50.23
A,PC_HC,GOV,EA20,2019 ,43.57
A,PC_HC,GOV,EA21,2019 ,43.83
A,PC_HC,GOV,EE,2019 ,65.95
A,PC_HC,GOV,EL,2019 ,41.22
A,PC_HC,GOV,ES,2019 ,53.36
A,PC_HC,GOV,EU27_2020,2019 ,44.29
A,PC_HC,GOV,FI,2019 ,42.49
A,PC_HC,GOV,HR,2019 ,55.2
A,PC_HC,GOV,HU,2019 ,42.0
A,PC_HC,GOV,IE,2019 ,45.0
A,PC_HC,GOV,IT,2019 ,48.81
A,PC_HC,GOV,JP,2019 ,19.49
A,PC_HC,GOV,KR,2019 ,27.17
A,PC_HC,GOV,LT,2019 ,49.89
A,PC_HC,GOV,LU,2019 ,37.83
A,PC_HC,GOV,LV,2019 ,55.49
A,PC_HC,GOV,ME,2019 ,60.49
A,PC_HC,GOV,MK,2019 ,64.58
A,PC_HC,GOV,MT,2019 ,29.41
A,PC_HC,GOV,NL,2019 ,41.38
A,PC_HC,GOV,NO,2019 ,48.83
A,PC_HC,GOV,PL,2019 ,59.48
A,PC_HC,GOV,PT,2019 ,60.49
A,PC_HC,GOV,RO,2019 ,48.47
A,PC_HC,GOV,RS,2019 ,61.0
A,PC_HC,GOV,RU,2019 ,44.02
A,PC_HC,GOV,SE,2019 ,49.43
A,PC_HC,GOV,SI,2019 ,48.36
A,PC_HC,GOV,SK,2019 ,51.0
A,PC_HC,GOV,TR,2019 ,32.93
A,PC_HC,HES,AT,2019 ,41.7
A,PC_HC,HES,BA,2019 ,49.55
A,PC_HC,HES,BE,2019 ,42.47
A,PC_HC,HES,BG,2019 ,53.91
A,PC_HC,HES,CH,2019 ,40.63
A,PC_HC,HES,CY,2019 ,38.69
A,PC_HC,HES,CZ,2019 ,35.26
A,PC_HC,HES,DE,2019 ,40.0
A,PC_HC,HES,DK,2019 ,44.55
A,PC_HC,HES,EA20,2019 ,42.75
A,PC_HC,HES,EA21,2019 ,42.84
A,PC_HC,HES,EE,2019 ,47.68
A,PC_HC,HES,EL,2019 ,41.24
A,PC_HC,HES,ES,2019 ,43.36
A,PC_HC,HES,EU27_2020,2019 ,43.13
A,PC_HC,HES,FI,2019 ,49.78
A,PC_HC,HES,HR,2019 ,50.42
A,PC_HC,HES,HU,2019 ,38.9
A,PC_HC,HES,IE,2019 ,47.61
A,PC_HC,HES,IT,2019 ,41.76
A,PC_HC,HES,JP,2019 ,27.85
A,PC_HC,HES,KR,2019 ,33.13
A,PC_HC,HES,LT,2019 ,54.8
A,PC_HC,HES,LU,2019 ,36.22
A,PC_HC,HES,LV,2019 ,53.04
A,PC_HC,HES,ME,2019 ,49.07
A,PC_HC,HES,MK,2019 ,50.69
A,PC_HC,HES,MT,2019 ,36.09
A,PC_HC,HES,NL,2019 ,43.74
A,PC_HC,HES,NO,2019 ,50.23
A,PC_HC,HES,PL,2019 ,46.56
A,PC_HC,HES,PT,2019 ,50.09
A,PC_HC,HES,RO,2019 ,50.49
A,PC_HC,HES,RS,2019 ,51.0
A,PC_HC,HES,RU,2019 ,44.86
A,PC_HC,HES,SE,2019 ,44.53
A,PC_HC,HES,SI,2019 ,43.86
A,PC_HC,HES,SK,2019 ,46.36
A,PC_HC,HES,TR,2019 ,45.51
A,PC_HC,PNP,AT,2019 ,48.92
A,PC_HC,PNP,BE,2019 ,49.38
A,PC_HC,PNP,BG,2019 ,49.04
A,PC_HC,PNP,CY,2019 ,36.22
A,PC_HC,PNP,CZ,2019 ,47.5
A,PC_HC,PNP,DK,2019 ,62.81
A,PC_HC,PNP,EA20,2019 ,49.35
A,PC_HC,PNP,EA21,2019 ,49.35
A,PC_HC,PNP,EE,2019 ,58.18
A,PC_HC,PNP,EL,2019 ,53.3
A,PC_HC,PNP,ES,2019 ,47.79
A,PC_HC,PNP,EU27_2020,2019 ,48.73
A,PC_HC,PNP,FI,2019 ,59.58
A,PC_HC,PNP,IT,2019 ,51.85
A,PC_HC,PNP,JP,2019 ,16.06
A,PC_HC,PNP,KR,2019 ,28.18
A,PC_HC,PNP,ME,2019 ,44.44
A,PC_HC,PNP,MK,2019 ,65.79
A,PC_HC,PNP,PL,2019 ,41.89
A,PC_HC,PNP,PT,2019 ,50.49
A,PC_HC,PNP,RO,2019 ,39.11
A,PC_HC,PNP,RS,2019 ,100.0
A,PC_HC,PNP,RU,2019 ,52.56
A,PC_HC,PNP,SI,2019 ,39.52
A,PC_HC,PNP,SK,2019 ,50.0
A,PC_HC,TOTAL,AT,2019 ,30.39
A,PC_HC,TOTAL,BA,2019 ,50.02
A,PC_HC,TOTAL,BE,2019 ,32.62
A,PC_HC,TOTAL,BG,2019 ,46.51
A,PC_HC,TOTAL,CH,2019 ,35.7
A,PC_HC,TOTAL,CY,2019 ,37.61
A,PC_HC,TOTAL,CZ,2019 ,27.18
A,PC_HC,TOTAL,DE,2019 ,28.05
A,PC_HC,TOTAL,DK,2019 ,35.32
A,PC_HC,TOTAL,EA20,2019 ,32.48
A,PC_HC,TOTAL,EA21,2019 ,32.63
A,PC_HC,TOTAL,EE,2019 ,42.45
A,PC_HC,TOTAL,EL,2019 ,39.04
A,PC_HC,TOTAL,ES,2019 ,41.34
A,PC_HC,TOTAL,EU27_2020,2019 ,33.02
A,PC_HC,TOTAL,FI,2019 ,33.74
A,PC_HC,TOTAL,HR,2019 ,48.28
A,PC_HC,TOTAL,HU,2019 ,30.01
A,PC_HC,TOTAL,IE,2019 ,38.26
A,PC_HC,TOTAL,IT,2019 ,34.15
A,PC_HC,TOTAL,JP,2019 ,16.87
A,PC_HC,TOTAL,KR,2019 ,21.03
A,PC_HC,TOTAL,LT,2019 ,49.08
A,PC_HC,TOTAL,LU,2019 ,27.37
A,PC_HC,TOTAL,LV,2019 ,50.6
A,PC_HC,TOTAL,ME,2019 ,52.08
A,PC_HC,TOTAL,MK,2019 ,53.31
A,PC_HC,TOTAL,MT,2019 ,33.35
A,PC_HC,TOTAL,NL,2019 ,27.85
A,PC_HC,TOTAL,NO,2019 ,38.59
A,PC_HC,TOTAL,PL,2019 ,37.6
A,PC_HC,TOTAL,PT,2019 ,42.82
A,PC_HC,TOTAL,RO,2019 ,46.91
A,PC_HC,TOTAL,RS,2019 ,51.94
A,PC_HC,TOTAL,RU,2019 ,39.08
A,PC_HC,TOTAL,SE,2019 ,33.27
A,PC_HC,TOTAL,SI,2019 ,33.3
A,PC_HC,TOTAL,SK,2019 ,41.03
A,PC_HC,TOTAL,TR,2019 ,37.45
A,PC_HC,BES,BA,2020 ,51.55
A,PC_HC,BES,BG,2020 ,35.23
A,PC_HC,BES,CY,2020 ,29.54
A,PC_HC,BES,CZ,2020 ,13.72
A,PC_HC,BES,EE,2020 ,26.8
A,PC_HC,BES,EL,2020 ,31.61
A,PC_HC,BES,ES,2020 ,31.24
A,PC_HC,BES,FI,2020 ,18.37
A,PC_HC,BES,FR,2020 ,22.4
A,PC_HC,BES,HR,2020 ,31.99
A,PC_HC,BES,HU,2020 ,17.27
A,PC_HC,BES,IT,2020 ,23.23
A,PC_HC,BES,JP,2020 ,10.95
A,PC_HC,BES,KR,2020 ,17.47
A,PC_HC,BES,LT,2020 ,29.17
A,PC_HC,BES,LV,2020 ,36.52
A,PC_HC,BES,MK,2020 ,55.24
A,PC_HC,BES,MT,2020 ,25.27
A,PC_HC,BES,NL,2020 ,22.64
A,PC_HC,BES,NO,2020 ,23.47
A,PC_HC,BES,PL,2020 ,23.22
A,PC_HC,BES,PT,2020 ,29.24
A,PC_HC,BES,RO,2020 ,36.1
A,PC_HC,BES,RS,2020 ,35.44
A,PC_HC,BES,SI,2020 ,23.61
A,PC_HC,BES,SK,2020 ,16.42
A,PC_HC,BES,TR,2020 ,26.91
A,PC_HC,GOV,BA,2020 ,30.77
A,PC_HC,GOV,BE,2020 ,36.06
A,PC_HC,GOV,BG,2020 ,56.92
A,PC_HC,GOV,CY,2020 ,58.95
A,PC_HC,GOV,CZ,2020 ,40.47
A,PC_HC,GOV,DE,2020 ,37.85
A,PC_HC,GOV,EA20,2020 ,44.03
A,PC_HC,GOV,EA21,2020 ,44.3
A,PC_HC,GOV,EE,2020 ,68.45
A,PC_HC,GOV,EL,2020 ,42.17
A,PC_HC,GOV,ES,2020 ,53.8
A,PC_HC,GOV,EU27_2020,2020 ,44.58
A,PC_HC,GOV,FI,2020 ,43.7
A,PC_HC,GOV,FR,2020 ,38.03
A,PC_HC,GOV,HR,2020 ,56.76
A,PC_HC,GOV,HU,2020 ,38.53
A,PC_HC,GOV,IT,2020 ,49.26
A,PC_HC,GOV,JP,2020 ,20.31
A,PC_HC,GOV,KR,2020 ,26.24
A,PC_HC,GOV,LT,2020 ,50.43
A,PC_HC,GOV,LV,2020 ,55.02
A,PC_HC,GOV,MK,2020 ,60.35
A,PC_HC,GOV,MT,2020 ,48.28
A,PC_HC,GOV,NL,2020 ,43.19
A,PC_HC,GOV,NO,2020 ,49.73
A,PC_HC,GOV,PL,2020 ,55.95
A,PC_HC,GOV,PT,2020 ,60.72
A,PC_HC,GOV,RO,2020 ,49.33
A,PC_HC,GOV,RS,2020 ,62.13
A,PC_HC,GOV,SI,2020 ,49.76
A,PC_HC,GOV,SK,2020 ,51.53
A,PC_HC,GOV,TR,2020 ,33.36
A,PC_HC,HES,BA,2020 ,46.17
A,PC_HC,HES,BE,2020 ,43.04
A,PC_HC,HES,BG,2020 ,53.88
A,PC_HC,HES,CY,2020 ,39.0
A,PC_HC,HES,CZ,2020 ,35.71
A,PC_HC,HES,DE,2020 ,40.64
A,PC_HC,HES,EA20,2020 ,43.07
A,PC_HC,HES,EA21,2020 ,43.16
A,PC_HC,HES,EE,2020 ,48.54
A,PC_HC,HES,EL,2020 ,40.32
A,PC_HC,HES,ES,2020 ,43.79
A,PC_HC,HES,EU27_2020,2020 ,43.36
A,PC_HC,HES,FI,2020 ,50.13
A,PC_HC,HES,FR,2020 ,41.82
A,PC_HC,HES,HR,2020 ,51.13
A,PC_HC,HES,HU,2020 ,38.17
A,PC_HC,HES,IT,2020 ,41.69
A,PC_HC,HES,JP,2020 ,28.26
A,PC_HC,HES,KR,2020 ,33.13
A,PC_HC,HES,LT,2020 ,56.05
A,PC_HC,HES,LV,2020 ,52.52
A,PC_HC,HES,MK,2020 ,52.21
A,PC_HC,HES,MT,2020 ,36.7
A,PC_HC,HES,NL,2020 ,44.78
A,PC_HC,HES,NO,2020 ,50.34
A,PC_HC,HES,PL,2020 ,46.5
A,PC_HC,HES,PT,2020 ,50.44
A,PC_HC,HES,RO,2020 ,50.39
A,PC_HC,HES,RS,2020 ,52.49
A,PC_HC,HES,SI,2020 ,44.6
A,PC_HC,HES,SK,2020 ,46.48
A,PC_HC,HES,TR,2020 ,45.84
A,PC_HC,PNP,BE,2020 ,51.69
A,PC_HC,PNP,BG,2020 ,46.55
A,PC_HC,PNP,CY,2020 ,36.4
A,PC_HC,PNP,CZ,2020 ,41.35
A,PC_HC,PNP,EA20,2020 ,49.73
A,PC_HC,PNP,EA21,2020 ,49.7
A,PC_HC,PNP,EE,2020 ,60.55
A,PC_HC,PNP,EL,2020 ,53.06
A,PC_HC,PNP,ES,2020 ,47.51
A,PC_HC,PNP,EU27_2020,2020 ,48.98
A,PC_HC,PNP,FI,2020 ,59.13
A,PC_HC,PNP,FR,2020 ,45.67
A,PC_HC,PNP,IT,2020 ,52.81
A,PC_HC,PNP,JP,2020 ,16.88
A,PC_HC,PNP,KR,2020 ,29.37
A,PC_HC,PNP,MK,2020 ,71.43
A,PC_HC,PNP,PL,2020 ,39.63
A,PC_HC,PNP,PT,2020 ,49.3
A,PC_HC,PNP,RO,2020 ,45.02
A,PC_HC,PNP,RS,2020 ,100.0
A,PC_HC,PNP,SI,2020 ,43.84
A,PC_HC,PNP,SK,2020 ,42.86
A,PC_HC,TOTAL,BA,2020 ,46.0
A,PC_HC,TOTAL,BG,2020 ,46.75
A,PC_HC,TOTAL,CY,2020 ,38.0
A,PC_HC,TOTAL,CZ,2020 ,27.6
A,PC_HC,TOTAL,EE,2020 ,42.48
A,PC_HC,TOTAL,EL,2020 ,38.8
A,PC_HC,TOTAL,ES,2020 ,41.47
A,PC_HC,TOTAL,FI,2020 ,33.4
A,PC_HC,TOTAL,FR,2020 ,29.41
A,PC_HC,TOTAL,HR,2020 ,48.99
A,PC_HC,TOTAL,HU,2020 ,28.49
A,PC_HC,TOTAL,IT,2020 ,34.9
A,PC_HC,TOTAL,JP,2020 ,17.47
A,PC_HC,TOTAL,KR,2020 ,21.42
A,PC_HC,TOTAL,LT,2020 ,49.07
A,PC_HC,TOTAL,LV,2020 ,50.01
A,PC_HC,TOTAL,MK,2020 ,53.74
A,PC_HC,TOTAL,MT,2020 ,33.03
A,PC_HC,TOTAL,NL,2020 ,28.59
A,PC_HC,TOTAL,NO,2020 ,38.66
A,PC_HC,TOTAL,PL,2020 ,36.58
A,PC_HC,TOTAL,PT,2020 ,42.48
A,PC_HC,TOTAL,RO,2020 ,47.26
A,PC_HC,TOTAL,RS,2020 ,52.87
A,PC_HC,TOTAL,SI,2020 ,33.64
A,PC_HC,TOTAL,SK,2020 ,41.15
A,PC_HC,TOTAL,TR,2020 ,37.53
A,PC_HC,BES,AT,2021 ,18.72
A,PC_HC,BES,BA,2021 ,47.43
A,PC_HC,BES,BE,2021 ,27.66
A,PC_HC,BES,BG,2021 ,37.63
A,PC_HC,BES,CH,2021 ,29.39
A,PC_HC,BES,CY,2021 ,32.36
A,PC_HC,BES,CZ,2021 ,14.12
A,PC_HC,BES,DE,2021 ,15.63
A,PC_HC,BES,EA20,2021 ,22.14
A,PC_HC,BES,EA21,2021 ,22.26
A,PC_HC,BES,EE,2021 ,24.95
A,PC_HC,BES,EL,2021 ,28.98
A,PC_HC,BES,ES,2021 ,31.06
A,PC_HC,BES,EU27_2020,2021 ,22.46
A,PC_HC,BES,FI,2021 ,18.26
A,PC_HC,BES,FR,2021 ,22.86
A,PC_HC,BES,HR,2021 ,30.52
A,PC_HC,BES,HU,2021 ,18.46
A,PC_HC,BES,IE,2021 ,24.49
A,PC_HC,BES,IS,2021 ,35.28
A,PC_HC,BES,IT,2021 ,24.4
A,PC_HC,BES,JP,2021 ,11.56
A,PC_HC,BES,KR,2021 ,18.44
A,PC_HC,BES,LT,2021 ,29.51
A,PC_HC,BES,LU,2021 ,14.49
A,PC_HC,BES,LV,2021 ,32.98
A,PC_HC,BES,MT,2021 ,23.08
A,PC_HC,BES,NL,2021 ,24.21
A,PC_HC,BES,NO,2021 ,22.85
A,PC_HC,BES,PL,2021 ,24.1
A,PC_HC,BES,PT,2021 ,30.19
A,PC_HC,BES,RO,2021 ,32.56
A,PC_HC,BES,RS,2021 ,37.09
A,PC_HC,BES,SE,2021 ,25.18
A,PC_HC,BES,SI,2021 ,24.54
A,PC_HC,BES,SK,2021 ,16.47
A,PC_HC,BES,TR,2021 ,27.23
A,PC_HC,GOV,AT,2021 ,43.04
A,PC_HC,GOV,BA,2021 ,63.57
A,PC_HC,GOV,BE,2021 ,36.13
A,PC_HC,GOV,BG,2021 ,57.33
A,PC_HC,GOV,CH,2021 ,39.39
A,PC_HC,GOV,CY,2021 ,59.73
A,PC_HC,GOV,CZ,2021 ,40.68
A,PC_HC,GOV,DE,2021 ,38.25
A,PC_HC,GOV,EA20,2021 ,44.62
A,PC_HC,GOV,EA21,2021 ,44.87
A,PC_HC,GOV,EE,2021 ,67.58
A,PC_HC,GOV,EL,2021 ,42.23
A,PC_HC,GOV,ES,2021 ,54.76
A,PC_HC,GOV,EU27_2020,2021 ,45.16
A,PC_HC,GOV,FI,2021 ,43.9
A,PC_HC,GOV,FR,2021 ,38.24
A,PC_HC,GOV,HR,2021 ,57.15
A,PC_HC,GOV,HU,2021 ,40.35
A,PC_HC,GOV,IE,2021 ,49.6
A,PC_HC,GOV,IS,2021 ,56.45
A,PC_HC,GOV,IT,2021 ,49.76
A,PC_HC,GOV,JP,2021 ,20.92
A,PC_HC,GOV,KR,2021 ,27.8
A,PC_HC,GOV,LT,2021 ,50.74
A,PC_HC,GOV,LU,2021 ,37.97
A,PC_HC,GOV,LV,2021 ,57.39
A,PC_HC,GOV,MT,2021 ,32.35
A,PC_HC,GOV,NL,2021 ,45.47
A,PC_HC,GOV,NO,2021 ,50.16
A,PC_HC,GOV,PL,2021 ,55.47
A,PC_HC,GOV,PT,2021 ,60.88
A,PC_HC,GOV,RO,2021 ,49.2
A,PC_HC,GOV,RS,2021 ,61.74
A,PC_HC,GOV,SE,2021 ,49.82
A,PC_HC,GOV,SI,2021 ,49.65
A,PC_HC,GOV,SK,2021 ,51.39
A,PC_HC,GOV,TR,2021 ,34.32
A,PC_HC,HES,AT,2021 ,42.85
A,PC_HC,HES,BA,2021 ,48.21
A,PC_HC,HES,BE,2021 ,43.42
A,PC_HC,HES,BG,2021 ,54.92
A,PC_HC,HES,CH,2021 ,41.59
A,PC_HC,HES,CY,2021 ,39.22
A,PC_HC,HES,CZ,2021 ,35.57
A,PC_HC,HES,DE,2021 ,41.44
A,PC_HC,HES,EA20,2021 ,43.6
A,PC_HC,HES,EA21,2021 ,43.69
A,PC_HC,HES,EE,2021 ,48.4
A,PC_HC,HES,EL,2021 ,41.7
A,PC_HC,HES,ES,2021 ,44.03
A,PC_HC,HES,EU27_2020,2021 ,43.92
A,PC_HC,HES,FI,2021 ,49.98
A,PC_HC,HES,FR,2021 ,41.9
A,PC_HC,HES,HR,2021 ,51.83
A,PC_HC,HES,HU,2021 ,39.14
A,PC_HC,HES,IE,2021 ,48.18
A,PC_HC,HES,IS,2021 ,51.36
A,PC_HC,HES,IT,2021 ,42.01
A,PC_HC,HES,JP,2021 ,28.57
A,PC_HC,HES,KR,2021 ,33.84
A,PC_HC,HES,LT,2021 ,55.74
A,PC_HC,HES,LU,2021 ,36.82
A,PC_HC,HES,LV,2021 ,53.42
A,PC_HC,HES,MT,2021 ,37.55
A,PC_HC,HES,NL,2021 ,45.74
A,PC_HC,HES,NO,2021 ,51.24
A,PC_HC,HES,PL,2021 ,46.83
A,PC_HC,HES,PT,2021 ,50.53
A,PC_HC,HES,RO,2021 ,51.78
A,PC_HC,HES,RS,2021 ,51.81
A,PC_HC,HES,SE,2021 ,46.81
A,PC_HC,HES,SI,2021 ,44.68
A,PC_HC,HES,SK,2021 ,47.15
A,PC_HC,HES,TR,2021 ,45.9
A,PC_HC,PNP,AT,2021 ,49.16
A,PC_HC,PNP,BE,2021 ,53.42
A,PC_HC,PNP,BG,2021 ,44.72
A,PC_HC,PNP,CY,2021 ,34.33
A,PC_HC,PNP,CZ,2021 ,45.93
A,PC_HC,PNP,EA20,2021 ,50.84
A,PC_HC,PNP,EA21,2021 ,50.8
A,PC_HC,PNP,EE,2021 ,65.49
A,PC_HC,PNP,EL,2021 ,53.29
A,PC_HC,PNP,ES,2021 ,48.24
A,PC_HC,PNP,EU27_2020,2021 ,50.53
A,PC_HC,PNP,FI,2021 ,58.87
A,PC_HC,PNP,FR,2021 ,46.64
A,PC_HC,PNP,HR,2021 ,37.74
A,PC_HC,PNP,IT,2021 ,54.44
A,PC_HC,PNP,JP,2021 ,16.66
A,PC_HC,PNP,KR,2021 ,29.81
A,PC_HC,PNP,PL,2021 ,45.71
A,PC_HC,PNP,PT,2021 ,50.58
A,PC_HC,PNP,RO,2021 ,48.26
A,PC_HC,PNP,RS,2021 ,75.0
A,PC_HC,PNP,SI,2021 ,40.78
A,PC_HC,PNP,SK,2021 ,41.94
A,PC_HC,TOTAL,AT,2021 ,31.25
A,PC_HC,TOTAL,BA,2021 ,49.17
A,PC_HC,TOTAL,BE,2021 ,33.52
A,PC_HC,TOTAL,BG,2021 ,48.27
A,PC_HC,TOTAL,CH,2021 ,37.41
A,PC_HC,TOTAL,CY,2021 ,38.71
A,PC_HC,TOTAL,CZ,2021 ,27.1
A,PC_HC,TOTAL,DE,2021 ,29.36
A,PC_HC,TOTAL,EA20,2021 ,33.46
A,PC_HC,TOTAL,EA21,2021 ,33.6
A,PC_HC,TOTAL,EE,2021 ,41.68
A,PC_HC,TOTAL,EL,2021 ,38.73
A,PC_HC,TOTAL,ES,2021 ,41.6
A,PC_HC,TOTAL,EU27_2020,2021 ,33.73
A,PC_HC,TOTAL,FI,2021 ,32.8
A,PC_HC,TOTAL,FR,2021 ,29.87
A,PC_HC,TOTAL,HR,2021 ,48.76
A,PC_HC,TOTAL,HU,2021 ,29.3
A,PC_HC,TOTAL,IE,2021 ,37.36
A,PC_HC,TOTAL,IS,2021 ,45.25
A,PC_HC,TOTAL,IT,2021 ,36.1
A,PC_HC,TOTAL,JP,2021 ,17.83
A,PC_HC,TOTAL,KR,2021 ,22.17
A,PC_HC,TOTAL,LT,2021 ,48.48
A,PC_HC,TOTAL,LU,2021 ,29.9
A,PC_HC,TOTAL,LV,2021 ,49.82
A,PC_HC,TOTAL,MT,2021 ,32.75
A,PC_HC,TOTAL,NL,2021 ,30.25
A,PC_HC,TOTAL,NO,2021 ,38.55
A,PC_HC,TOTAL,PL,2021 ,36.24
A,PC_HC,TOTAL,PT,2021 ,42.56
A,PC_HC,TOTAL,RO,2021 ,46.62
A,PC_HC,TOTAL,RS,2021 ,52.32
A,PC_HC,TOTAL,SE,2021 ,33.52
A,PC_HC,TOTAL,SI,2021 ,34.42
A,PC_HC,TOTAL,SK,2021 ,40.74
A,PC_HC,TOTAL,TR,2021 ,37.18
A,PC_HC,BES,BG,2022 ,35.81
A,PC_HC,BES,CZ,2022 ,15.14
A,PC_HC,BES,EE,2022 ,22.31
A,PC_HC,BES,EL,2022 ,31.44
A,PC_HC,BES,ES,2022 ,30.59
A,PC_HC,BES,FI,2022 ,18.4
A,PC_HC,BES,FR,2022 ,22.6
A,PC_HC,BES,HR,2022 ,32.34
A,PC_HC,BES,HU,2022 ,18.45
A,PC_HC,BES,IS,2022 ,34.82
A,PC_HC,BES,IT,2022 ,24.4
A,PC_HC,BES,JP,2022 ,12.22
A,PC_HC,BES,KR,2022 ,19.19
A,PC_HC,BES,LT,2022 ,31.08
A,PC_HC,BES,LV,2022 ,34.89
A,PC_HC,BES,MK,2022 ,60.78
A,PC_HC,BES,MT,2022 ,23.45
A,PC_HC,BES,NL,2022 ,24.49
A,PC_HC,BES,NO,2022 ,22.85
A,PC_HC,BES,PL,2022 ,23.8
A,PC_HC,BES,PT,2022 ,29.76
A,PC_HC,BES,RO,2022 ,31.52
A,PC_HC,BES,RS,2022 ,34.96
A,PC_HC,BES,SI,2022 ,24.78
A,PC_HC,BES,SK,2022 ,16.98
A,PC_HC,BES,TR,2022 ,27.7
A,PC_HC,GOV,BE,2022 ,36.98
A,PC_HC,GOV,BG,2022 ,57.5
A,PC_HC,GOV,CH,2022 ,41.25
A,PC_HC,GOV,CZ,2022 ,41.7
A,PC_HC,GOV,EA20,2022 ,45.26
A,PC_HC,GOV,EA21,2022 ,45.52
A,PC_HC,GOV,EE,2022 ,63.75
A,PC_HC,GOV,EL,2022 ,43.2
A,PC_HC,GOV,ES,2022 ,54.62
A,PC_HC,GOV,EU27_2020,2022 ,45.74
A,PC_HC,GOV,FI,2022 ,44.22
A,PC_HC,GOV,FR,2022 ,38.66
A,PC_HC,GOV,HR,2022 ,57.37
A,PC_HC,GOV,HU,2022 ,38.72
A,PC_HC,GOV,IE,2022 ,47.9
A,PC_HC,GOV,IS,2022 ,60.71
A,PC_HC,GOV,IT,2022 ,50.38
A,PC_HC,GOV,JP,2022 ,21.25
A,PC_HC,GOV,KR,2022 ,28.68
A,PC_HC,GOV,LT,2022 ,50.66
A,PC_HC,GOV,LV,2022 ,57.21
A,PC_HC,GOV,MK,2022 ,55.95
A,PC_HC,GOV,MT,2022 ,38.64
A,PC_HC,GOV,NL,2022 ,45.8
A,PC_HC,GOV,NO,2022 ,50.88
A,PC_HC,GOV,PL,2022 ,53.78
A,PC_HC,GOV,PT,2022 ,61.41
A,PC_HC,GOV,RO,2022 ,49.19
A,PC_HC,GOV,RS,2022 ,61.35
A,PC_HC,GOV,SI,2022 ,49.13
A,PC_HC,GOV,SK,2022 ,51.29
A,PC_HC,GOV,TR,2022 ,34.94
A,PC_HC,HES,BE,2022 ,44.26
A,PC_HC,HES,BG,2022 ,54.42
A,PC_HC,HES,CH,2022 ,42.23
A,PC_HC,HES,CZ,2022 ,36.04
A,PC_HC,HES,EE,2022 ,49.76
A,PC_HC,HES,EL,2022 ,43.45
A,PC_HC,HES,ES,2022 ,44.58
A,PC_HC,HES,FI,2022 ,50.05
A,PC_HC,HES,FR,2022 ,42.02
A,PC_HC,HES,HR,2022 ,51.46
A,PC_HC,HES,HU,2022 ,37.23
A,PC_HC,HES,IS,2022 ,54.46
A,PC_HC,HES,IT,2022 ,42.35
A,PC_HC,HES,JP,2022 ,28.87
A,PC_HC,HES,KR,2022 ,35.21
A,PC_HC,HES,LT,2022 ,56.43
A,PC_HC,HES,LV,2022 ,54.21
A,PC_HC,HES,MK,2022 ,53.02
A,PC_HC,HES,MT,2022 ,38.71
A,PC_HC,HES,NL,2022 ,46.3
A,PC_HC,HES,NO,2022 ,52.0
A,PC_HC,HES,PL,2022 ,47.14
A,PC_HC,HES,PT,2022 ,50.47
A,PC_HC,HES,RO,2022 ,50.81
A,PC_HC,HES,RS,2022 ,52.77
A,PC_HC,HES,SI,2022 ,44.73
A,PC_HC,HES,SK,2022 ,47.13
A,PC_HC,HES,TR,2022 ,46.41
A,PC_HC,PNP,BE,2022 ,51.65
A,PC_HC,PNP,BG,2022 ,44.6
A,PC_HC,PNP,CZ,2022 ,39.52
A,PC_HC,PNP,EE,2022 ,70.0
A,PC_HC,PNP,EL,2022 ,55.56
A,PC_HC,PNP,ES,2022 ,50.58
A,PC_HC,PNP,FI,2022 ,57.61
A,PC_HC,PNP,FR,2022 ,44.69
A,PC_HC,PNP,HR,2022 ,36.62
A,PC_HC,PNP,IT,2022 ,56.0
A,PC_HC,PNP,JP,2022 ,17.34
A,PC_HC,PNP,KR,2022 ,31.32
A,PC_HC,PNP,MK,2022 ,41.18
A,PC_HC,PNP,PL,2022 ,47.34
A,PC_HC,PNP,PT,2022 ,49.83
A,PC_HC,PNP,RO,2022 ,47.26
A,PC_HC,PNP,RS,2022 ,100.0
A,PC_HC,PNP,SI,2022 ,45.31
A,PC_HC,PNP,SK,2022 ,40.48
A,PC_HC,TOTAL,BG,2022 ,46.92
A,PC_HC,TOTAL,CZ,2022 ,27.69
A,PC_HC,TOTAL,EE,2022 ,41.29
A,PC_HC,TOTAL,EL,2022 ,40.12
A,PC_HC,TOTAL,ES,2022 ,41.58
A,PC_HC,TOTAL,FI,2022 ,33.59
A,PC_HC,TOTAL,FR,2022 ,29.72
A,PC_HC,TOTAL,HR,2022 ,48.44
A,PC_HC,TOTAL,HU,2022 ,28.76
A,PC_HC,TOTAL,IS,2022 ,46.8
A,PC_HC,TOTAL,IT,2022 ,36.43
A,PC_HC,TOTAL,JP,2022 ,18.26
A,PC_HC,TOTAL,KR,2022 ,22.99
A,PC_HC,TOTAL,LT,2022 ,48.85
A,PC_HC,TOTAL,LV,2022 ,50.65
A,PC_HC,TOTAL,MK,2022 ,54.43
A,PC_HC,TOTAL,MT,2022 ,33.3
A,PC_HC,TOTAL,NL,2022 ,30.17
A,PC_HC,TOTAL,NO,2022 ,38.73
A,PC_HC,TOTAL,PL,2022 ,35.75
A,PC_HC,TOTAL,PT,2022 ,42.13
A,PC_HC,TOTAL,RO,2022 ,46.11
A,PC_HC,TOTAL,RS,2022 ,52.47
A,PC_HC,TOTAL,SI,2022 ,35.03
A,PC_HC,TOTAL,SK,2022 ,39.97
A,PC_HC,TOTAL,TR,2022 ,37.33
A,PC_HC,BES,AT,2023 ,19.42
A,PC_HC,BES,BE,2023 ,28.84
A,PC_HC,BES,BG,2023 ,36.95
A,PC_HC,BES,CH,2023 ,26.21
A,PC_HC,BES,CY,2023 ,32.79
A,PC_HC,BES,CZ,2023 ,15.49
A,PC_HC,BES,DE,2023 ,16.57
A,PC_HC,BES,DK,2023 ,28.04
A,PC_HC,BES,EA20,2023 ,22.82
A,PC_HC,BES,EA21,2023 ,22.93
A,PC_HC,BES,EE,2023 ,26.37
A,PC_HC,BES,EL,2023 ,30.26
A,PC_HC,BES,ES,2023 ,31.05
A,PC_HC,BES,EU27_2020,2023 ,23.09
A,PC_HC,BES,FI,2023 ,18.93
A,PC_HC,BES,FR,2023 ,23.58
A,PC_HC,BES,HR,2023 ,31.62
A,PC_HC,BES,HU,2023 ,18.66
A,PC_HC,BES,IE,2023 ,28.76
A,PC_HC,BES,IS,2023 ,43.4
A,PC_HC,BES,IT,2023 ,25.17
A,PC_HC,BES,JP,2023 ,12.15
A,PC_HC,BES,KR,2023 ,19.85
A,PC_HC,BES,LT,2023 ,28.64
A,PC_HC,BES,LU,2023 ,18.49
A,PC_HC,BES,LV,2023 ,34.69
A,PC_HC,BES,MT,2023 ,25.44
A,PC_HC,BES,NL,2023 ,24.18
A,PC_HC,BES,NO,2023 ,23.45
A,PC_HC,BES,PL,2023 ,24.13
A,PC_HC,BES,PT,2023 ,30.56
A,PC_HC,BES,RO,2023 ,31.29
A,PC_HC,BES,RS,2023 ,37.33
A,PC_HC,BES,SE,2023 ,25.55
A,PC_HC,BES,SI,2023 ,24.69
A,PC_HC,BES,SK,2023 ,18.28
A,PC_HC,BES,TR,2023 ,28.15
A,PC_HC,GOV,AT,2023 ,44.39
A,PC_HC,GOV,BE,2023 ,36.84
A,PC_HC,GOV,BG,2023 ,57.55
A,PC_HC,GOV,CH,2023 ,39.45
A,PC_HC,GOV,CY,2023 ,58.55
A,PC_HC,GOV,CZ,2023 ,41.78
A,PC_HC,GOV,DE,2023 ,38.57
A,PC_HC,GOV,DK,2023 ,53.82
A,PC_HC,GOV,EA20,2023 ,45.55
A,PC_HC,GOV,EA21,2023 ,45.78
A,PC_HC,GOV,EE,2023 ,63.23
A,PC_HC,GOV,EL,2023 ,43.17
A,PC_HC,GOV,ES,2023 ,54.55
A,PC_HC,GOV,EU27_2020,2023 ,46.0
A,PC_HC,GOV,FI,2023 ,45.59
A,PC_HC,GOV,FR,2023 ,39.54
A,PC_HC,GOV,HR,2023 ,57.02
A,PC_HC,GOV,HU,2023 ,38.2
A,PC_HC,GOV,IE,2023 ,46.76
A,PC_HC,GOV,IS,2023 ,62.68
A,PC_HC,GOV,IT,2023 ,50.68
A,PC_HC,GOV,JP,2023 ,21.62
A,PC_HC,GOV,KR,2023 ,29.71
A,PC_HC,GOV,LT,2023 ,51.03
A,PC_HC,GOV,LU,2023 ,38.04
A,PC_HC,GOV,LV,2023 ,54.7
A,PC_HC,GOV,MT,2023 ,35.94
A,PC_HC,GOV,NL,2023 ,46.06
A,PC_HC,GOV,NO,2023 ,50.78
A,PC_HC,GOV,PL,2023 ,53.51
A,PC_HC,GOV,PT,2023 ,62.36
A,PC_HC,GOV,RO,2023 ,49.52
A,PC_HC,GOV,RS,2023 ,61.6
A,PC_HC,GOV,SE,2023 ,52.18
A,PC_HC,GOV,SI,2023 ,49.21
A,PC_HC,GOV,SK,2023 ,51.22
A,PC_HC,GOV,TR,2023 ,33.67
A,PC_HC,HES,AT,2023 ,43.98
A,PC_HC,HES,BE,2023 ,44.52
A,PC_HC,HES,BG,2023 ,55.9
A,PC_HC,HES,CH,2023 ,42.5
A,PC_HC,HES,CY,2023 ,39.18
A,PC_HC,HES,CZ,2023 ,36.89
A,PC_HC,HES,DE,2023 ,42.68
A,PC_HC,HES,DK,2023 ,47.22
A,PC_HC,HES,EA20,2023 ,44.59
A,PC_HC,HES,EA21,2023 ,44.69
A,PC_HC,HES,EE,2023 ,50.49
A,PC_HC,HES,EL,2023 ,43.24
A,PC_HC,HES,ES,2023 ,44.88
A,PC_HC,HES,EU27_2020,2023 ,44.87
A,PC_HC,HES,FI,2023 ,51.24
A,PC_HC,HES,FR,2023 ,42.42
A,PC_HC,HES,HR,2023 ,51.74
A,PC_HC,HES,HU,2023 ,40.2
A,PC_HC,HES,IE,2023 ,50.52
A,PC_HC,HES,IS,2023 ,50.89
A,PC_HC,HES,IT,2023 ,42.86
A,PC_HC,HES,JP,2023 ,29.18
A,PC_HC,HES,KR,2023 ,35.21
A,PC_HC,HES,LT,2023 ,56.81
A,PC_HC,HES,LU,2023 ,38.63
A,PC_HC,HES,LV,2023 ,52.5
A,PC_HC,HES,MT,2023 ,41.54
A,PC_HC,HES,NL,2023 ,47.15
A,PC_HC,HES,NO,2023 ,52.65
A,PC_HC,HES,PL,2023 ,47.36
A,PC_HC,HES,PT,2023 ,50.74
A,PC_HC,HES,RO,2023 ,52.02
A,PC_HC,HES,RS,2023 ,53.88
A,PC_HC,HES,SE,2023 ,46.82
A,PC_HC,HES,SI,2023 ,46.36
A,PC_HC,HES,SK,2023 ,47.09
A,PC_HC,HES,TR,2023 ,46.79
A,PC_HC,PNP,AT,2023 ,50.37
A,PC_HC,PNP,BE,2023 ,50.88
A,PC_HC,PNP,BG,2023 ,50.0
A,PC_HC,PNP,CY,2023 ,33.6
A,PC_HC,PNP,CZ,2023 ,32.01
A,PC_HC,PNP,DE,2023 ,40.06
A,PC_HC,PNP,DK,2023 ,63.5
A,PC_HC,PNP,EA20,2023 ,47.64
A,PC_HC,PNP,EA21,2023 ,47.66
A,PC_HC,PNP,EE,2023 ,66.42
A,PC_HC,PNP,EL,2023 ,49.08
A,PC_HC,PNP,ES,2023 ,50.4
A,PC_HC,PNP,EU27_2020,2023 ,47.61
A,PC_HC,PNP,FI,2023 ,59.32
A,PC_HC,PNP,FR,2023 ,48.62
A,PC_HC,PNP,HR,2023 ,31.25
A,PC_HC,PNP,IE,2023 ,50.0
A,PC_HC,PNP,IT,2023 ,57.06
A,PC_HC,PNP,JP,2023 ,17.06
A,PC_HC,PNP,KR,2023 ,33.48
A,PC_HC,PNP,LT,2023 ,24.86
A,PC_HC,PNP,PL,2023 ,47.91
A,PC_HC,PNP,PT,2023 ,52.38
A,PC_HC,PNP,RO,2023 ,48.9
A,PC_HC,PNP,RS,2023 ,100.0
A,PC_HC,PNP,SE,2023 ,43.47
A,PC_HC,PNP,SI,2023 ,44.76
A,PC_HC,PNP,SK,2023 ,42.19
A,PC_HC,TOTAL,AT,2023 ,32.05
A,PC_HC,TOTAL,BE,2023 ,34.72
A,PC_HC,TOTAL,BG,2023 ,48.64
A,PC_HC,TOTAL,CH,2023 ,36.75
A,PC_HC,TOTAL,CY,2023 ,38.67
A,PC_HC,TOTAL,CZ,2023 ,28.06
A,PC_HC,TOTAL,DE,2023 ,29.64
A,PC_HC,TOTAL,DK,2023 ,37.97
A,PC_HC,TOTAL,EA20,2023 ,34.07
A,PC_HC,TOTAL,EA21,2023 ,34.21
A,PC_HC,TOTAL,EE,2023 ,43.04
A,PC_HC,TOTAL,EL,2023 ,39.6
A,PC_HC,TOTAL,ES,2023 ,41.74
A,PC_HC,TOTAL,EU27_2020,2023 ,34.28
A,PC_HC,TOTAL,FI,2023 ,34.6
A,PC_HC,TOTAL,FR,2023 ,30.6
A,PC_HC,TOTAL,HR,2023 ,49.06
A,PC_HC,TOTAL,HU,2023 ,29.83
A,PC_HC,TOTAL,IE,2023 ,40.29
A,PC_HC,TOTAL,IS,2023 ,49.06
A,PC_HC,TOTAL,IT,2023 ,37.47
A,PC_HC,TOTAL,JP,2023 ,18.48
A,PC_HC,TOTAL,KR,2023 ,23.71
A,PC_HC,TOTAL,LT,2023 ,49.04
A,PC_HC,TOTAL,LU,2023 ,32.06
A,PC_HC,TOTAL,LV,2023 ,48.78
A,PC_HC,TOTAL,MT,2023 ,35.99
A,PC_HC,TOTAL,NL,2023 ,30.19
A,PC_HC,TOTAL,NO,2023 ,39.05
A,PC_HC,TOTAL,PL,2023 ,35.97
A,PC_HC,TOTAL,PT,2023 ,42.71
A,PC_HC,TOTAL,RO,2023 ,46.51
A,PC_HC,TOTAL,RS,2023 ,53.48
A,PC_HC,TOTAL,SE,2023 ,33.64
A,PC_HC,TOTAL,SI,2023 ,35.94
A,PC_HC,TOTAL,SK,2023 ,39.48
A,PC_HC,TOTAL,TR,2023 ,37.35
A,PC_HC,BES,CZ,2024 ,15.79
A,PC_HC,BES,PT,2024 ,32.45
A,PC_HC,BES,RS,2024 ,33.55
A,PC_HC,BES,TR,2024 ,28.56
A,PC_HC,GOV,CZ,2024 ,40.89
A,PC_HC,GOV,PT,2024 ,62.99
A,PC_HC,GOV,RS,2024 ,60.8
A,PC_HC,GOV,TR,2024 ,35.08
A,PC_HC,HES,CZ,2024 ,35.56
A,PC_HC,HES,PT,2024 ,50.93
A,PC_HC,HES,RS,2024 ,54.47
A,PC_HC,HES,TR,2024 ,47.11
A,PC_HC,PNP,CZ,2024 ,34.06
A,PC_HC,PNP,PT,2024 ,52.32
A,PC_HC,PNP,RS,2024 ,50.0
A,PC_HC,TOTAL,CZ,2024 ,27.59
A,PC_HC,TOTAL,PT,2024 ,43.33
A,PC_HC,TOTAL,RS,2024 ,52.74
A,PC_HC,TOTAL,TR,2024 ,37.28
