Project ID;Project acronym;Status;Title;Project URL;Project URL 2;Description;Start date;End date;Organisation name;Organisation name ENG;Organisation ID;Vat Number organisation;Organisation country;Geographical coordinates Organisation;Organization URL;Programme;Key Action;Call;Role of University;Total cost of project;EU Contribution;EcContribution per partner;Number of Participants
622121-EPP-1-2020-1-IT-SPO-SCP;SPADS;Closed;Sports activities for people with down's syndrome;;https://erasmus-plus.ec.europa.eu/projects/search/details/622121-EPP-1-2020-1-IT-SPO-SCP;"Sports Activities for people with Down’s Syndrome (SPADS) is a ""Collaborative Partnerships"" project which has the main objective of promoting social inclusion and equal opportunities in sport, through greater participation in sports activities by people with Down’s Syndrome (DS). It involves 8 partners from 5 European countries: Italy, Romania, Spain, Hungary, United Kingdom.";1-1-2021;31-12-2022;Universidad de Jaén;University of Jaén;999849423;ESQ7350006H;Spain;37.7899027058327, -3.779711294561347;https://www.ujaen.es/;Erasmus+;Sport;2020;Partner;;399.860,00;;7
892077;RENEWABLE-HIGH-SEAS;Closed;RENEWABLE-HIGH-SEAS: Marine renewable energies in areas beyond national jurisdiction: legal answers to new environmental and governing challenges;https://www.renewable-high-seas.com/;https://cordis.europa.eu/project/id/892077;About 64 % of our oceans are marine areas beyond national jurisdiction (ABNJ). The use of marine renewable energy (MRE) in these areas can promote energy security and competitiveness and help combat climate change. However, MRE expansion into marine ABNJ can involve new risks and threats to security and biodiversity. The EU-funded RENEWABLE-HIGH-SEAS project aims to enhance the sustainable development of MRE in ABNJ in Europe and worldwide. To this end, it will analyse global and European regional regulatory frameworks in terms of MRE development and environmental protection related to their development in ABNJ. It will also investigate new forms of governance through global energy agencies. The project will help advance and strengthen renewable energy and related environmental governance in ABNJ.;1-1-2021;22-4-2023;Universidad de Jaén;University of Jaén;999849423;ESQ7350006H;Spain;37.7899027058327, -3.779711294561347;https://www.ujaen.es/;H2020-EU.1.3. - EXCELLENT SCIENCE - Marie Skłodowska-Curie Actions;MSCA-IF - Marie Skłodowska-Curie Individual Fellowships (IF);H2020-MSCA-IF-2019;Individual Project;172.932,48;172.932,48;;1
626 139-EPP-1-2020-2-DE-EPPKA3-PI-POLICY;3C4Life;Closed;Perspectives for Lifelong STEM Teaching - Career Guidance, Collaborative Practice and Competence Development ;https://icse.eu/international-projects/3c4life/;https://erasmus-plus.ec.europa.eu/projects/search/details/626139-EPP-1-2020-2-DE-EPPKA3-PI-POLICY;"Teachers need to update their teaching skills, competences, operate digitally, and act self-efficiently. However, top performance requires top conditions. 3C4life gathers 12 partners from 6 European countries, in each country an educational authority teaming up with a research partner. This powerful tandem structure tackles a fallow issue, which impedes top conditions in STEM education across Europe: STEM education systems lack the capacity to support teachers to make the best of their life as teachers.

Our objective is to change that. Our measure is an all-digital STEM teacher platform with an innovative occupational advancement concept.";28-2-2021;27-2-2024;Universidad de Jaén;University of Jaén;999849423;ESQ7350006H;Spain;37.7899027058327, -3.779711294561347;https://www.ujaen.es/;Erasmus+;Key Action 3 - Support for policy reform - Initiatives for policy innovation;EACEA 38/2019;Partner;1.999.986,00;;;12
101029190;SPOTplasma;Closed;Flexible Tube Micro Plasma (FuTP) for Dried Blood Spot (DBS) analysis;http://spotplasma.es/;https://cordis.europa.eu/project/id/101029190;Newborn screening (NBS) identifies treatable conditions that can impact a child’s health and survival. Many countries follow this strategy as a means of prevention or early treatment. The EU-funded SPOTplasma project proposes to develop novel methodologies that allow for more efficient, cheaper and faster ways to perform NBS. The team is interested in developing both mass spectrometry and ion mobility spectrometry-based approaches for low-cost, readily available instrumentation even for countries with limited access to the NBS required infrastructure. The project will promote dried blood spots as a sample of choice as they are an easy way of collecting, shipping and storing blood samples.;1-5-2021;30-4-2023;Universidad de Jaén;University of Jaén;999849423;ESQ7350006H;Spain;37.7899027058327, -3.779711294561347;https://www.ujaen.es/;H2020-EU.1.3. - EXCELLENT SCIENCE - Marie Skłodowska-Curie Actions;MSCA-IF - Marie Skłodowska-Curie Individual Fellowships (IF);H2020-MSCA-IF-2020;Individual Project;172.932,48;172.932,48;;1
2021-1-ES01-KA131-HED-000003827;;Closed;Mobility of higher education students and staff supported by internal policy funds (KA131-HED) - Coordinator: UNIVERSIDAD DE JAEN;;https://erasmus-plus.ec.europa.eu/projects/search/details/2021-1-ES01-KA131-HED-000003827;This action supports physical and blended mobility of higher education students and staff from EU Member States and third countries associated to Erasmus+ to any country in the world. Students in all study fields and cycles can take part in a study period or traineeship abroad. Higher education teaching and administrative staff can take part in professional development activities abroad, as well as staff from the field of work in order to teach and train students or staff at higher education institutions.;1-9-2021;31-10-2023;Universidad de Jaén;University of Jaén;999849423;ESQ7350006H;Spain;37.7899027058327, -3.779711294561347;https://www.ujaen.es/;Erasmus+;Learning Mobility of Individuals;ErasmusPlus_KA1_2021;Coordinator;;1.237.426,00;;1
101029930;SMART-AGRI-SPORE;Closed;Fighting the X. fastidiosa threat to EU agriculture - Novel smart biopesticides based on bacterial spores;;http://cordis.europa.eu/project/id/101029930;Olive groves and other plants and fruits are at risk from the highly destructive invasive plant pathogen Xylella fastidiosa. However, no field treatment is currently available to protect crops against this threat. The EU-funded SMART-AGRI-SPORE project will help fight the pathogen by developing a novel, smart biopesticide based on bacterial spores, which specifically targets X. fastidiosa in infected trees and insect vectors. For the first time in an agricultural setting, researchers will engineer Bacillus spores to act as a biopesticide delivery vehicle. The spores will be screened for novel antimicrobial peptides efficiently targeting X. fastidiosa and engineered to express and store these active agents in the core or coat before being released into the environment.;1-9-2021;31-8-2024;Universidad de Jaén;University of Jaén;999849423;ESQ7350006H;Spain;37.7899027058327, -3.779711294561347;https://www.ujaen.es/;H2020-EU.1.3. - EXCELLENT SCIENCE - Marie Skłodowska-Curie Actions;MSCA-IF - Marie Skłodowska-Curie Individual Fellowships (IF);H2020-MSCA-IF-2020;Individual Project;259.398,72;259.398,72;;1
2021-1-CZ01-KA220-HED-000032178;SABIO;Closed;Supporting Academics to Become INTERNATIONAL EDUCATORS through Professional Learning Communities;https://sabio.upol.cz/;https://erasmus-plus.ec.europa.eu/projects/search/details/2021-1-CZ01-KA220-HED-000032178;The project aims to enhance excellence of teaching and learning at Higher Education Institutions (HEIs) by supporting and training academics to upskill and innovate their pedagogies to address the needs of students, to create inclusive international classrooms, and to embrace a new complex role as International Educators who are prepared to equip all students with global competences and harness the diversity in their classroom. The project will achieve this by introducing, piloting and disseminating a novel format of professional development: Professional Learning Communities (PLCs).;1-11-2021;31-10-2024;Universidad de Jaén;University of Jaén;999849423;ESQ7350006H;Spain;37.7899027058327, -3.779711294561347;https://www.ujaen.es/;Erasmus+;Partnerships for cooperation and exchanges of practices;ErasmusPlus_KA2_2021;Partner;;398.871,00;;6
101049610;FreeAll;Closed;Free All - inclusive services for All LGBTIQ people;https://freeall.oxfam.it/en/project/;https://ec.europa.eu/info/funding-tenders/opportunities/portal/screen/opportunities/projects-details/43251589/101049610;The COVID-19 pandemic has deepened societal inequalities, severely affecting LGBTQIA+ people and increasing social exclusion and violence. In response, the FreeAll project aimed to enhance support for LGBTQIA+ survivors of gender-based violence (GBV) in line with the EU LGBTQIA+ Equality Strategy 2020-2025. The project focused on improving health, education, legal, and social services for safe access of LGBTQIA+ people. It started with a detailed report on existing services and held networking meetings to identify best practices and service gaps. LGBTQIA+ associations and an Advisory Board were actively involved to ensure the project met community needs. Training programs were conducted for frontline workers and educators, enhancing their ability to support GBV survivors. Pilot interventions provided emergency responses and awareness activities, reaching over 300 people survivors and at risk of violence and fostering community support and acceptance of LGBTQIA+ rights. A joint event brought together various professionals to raise awareness about LGBTQIA+ GBV issues. The project's findings and training outcomes were compiled into a Manifesto of Intent, advocating for policy changes and improved services. The FreeAll project developed a model for inclusive protection services at the national and European levels, concluding with an international workshop to share results and recommendations. Overall, the project successfully addressed urgent needs, promoting inclusivity, collaboration, and community engagement across Europe.;1-2-2022;31-1-2024;Universidad de Jaén;University of Jaén;999849423;ESQ7350006H;Spain;37.7899027058327, -3.779711294561347;https://www.ujaen.es/;Citizens, Equality, Rights and Values Programme (CERV);;CERV-2021-DAPHNE;Partner;551.347,46;496.212,68;;7
2022-1-ES01-KA131-HED-000053198;;Closed;Mobility of higher education students and staff supported by internal policy funds (KA131-HED) - Coordinator: UNIVERSIDAD DE JAEN;;https://erasmus-plus.ec.europa.eu/projects/search/details/2022-1-ES01-KA131-HED-000053198;This action supports physical and blended mobility of higher education students and staff from EU Member States and third countries associated to Erasmus+ to any country in the world. Students in all study fields and cycles can take part in a study period or traineeship abroad. Higher education teaching and administrative staff can take part in professional development activities abroad, as well as staff from the field of work in order to teach and train students or staff at higher education institutions.;1-6-2022;31-7-2024;Universidad de Jaén;University of Jaén;999849423;ESQ7350006H;Spain;37.7899027058327, -3.779711294561347;https://www.ujaen.es/;Erasmus+;Learning Mobility of Individuals;ErasmusPlus_KA1_2022;Coordinator;;1.294.723,38;;1
101052670;proSTEM;Closed;ICSE Academy - European collaboration and mobility in professional development of pre- and in-service STEM teachers;https://icse.eu/icse-academy/;https://ec.europa.eu/info/funding-tenders/opportunities/portal/screen/opportunities/projects-details/43353764/101052670/ERASMUS2027;The ICSE Academy supports the EU’s endeavours to minimize the amount of low-performing STEM (science, maths, technology, engineering) learners. It does so by investing in a new era of a high-quality STEM teacher workforce by innovating based on existing best practices teacher education and transnational exchange strategies. This approach draws on mobility and collaboration as an integral part, thereby supporting young and established STEM teachers across Europe.;1-6-2022;31-5-2025;Universidad de Jaén;University of Jaén;999849423;ESQ7350006H;Spain;37.7899027058327, -3.779711294561347;https://www.ujaen.es/;Erasmus+;Partnerships for cooperation and exchanges of practices;ERASMUS-EDU-2021-PEX-TEACH-ACA;Partner;1.869.159,46;1.495.323,00;;38
2022-1-ES01-KA171-HED-000073449;;Closed;Mobility of higher education students and staff supported by external policy funds (KA171-HED) - Coordinator: UNIVERSIDAD DE JAEN (E10208705);;https://erasmus-plus.ec.europa.eu/projects/search/details/2022-1-ES01-KA171-HED-000073449;This action supports physical and blended mobility of higher education students and staff from/to third countries not associated to Erasmus+. Students in all study fields and cycles can take part in a study period or traineeship abroad. Higher education teaching and administrative staff can take part in professional development activities abroad, as well as staff from the field of work in order to teach and train students or staff at higher education institutions.;1-8-2022;31-7-2025;Universidad de Jaén;University of Jaén;999849423;ESQ7350006H;Spain;37.7899027058327, -3.779711294561347;https://www.ujaen.es/;Erasmus+;Learning Mobility of Individuals;ErasmusPlus_KA1_2022;Coordinator;;1.179.623,00;;1
101062601;OliPFUEL;Closed;Advanced Biofuels Production from Waste Olive Pomace of Olive Oil Industries;;http://cordis.europa.eu/project/id/101062601;The olive oil industry produces significant amounts of olive pomace waste every year. Disposal has environmental ramifications, as does converting it into a biofuel because the conventional process necessitates the use of corrosive and toxic acids. The MSCA-funded OliPFUEL project aims to change this through a proof-of-concept activity by researchers at the University of Jaen and the bioenergy company Bioliza. The project will develop an environmentally friendly way of optimising the conversion without the use of toxic chemicals by utilising water hydrolysis, yeast fermentation and hydrothermal processes. Results may lead to up-scaled olive pomace biofuel production and a greener energy future.;5-9-2022;4-9-2024;Universidad de Jaén;University of Jaén;999849423;ESQ7350006H;Spain;37.7899027058327, -3.779711294561347;https://www.ujaen.es/;HORIZON.1.2 - Marie Skłodowska-Curie Actions (MSCA) ;MSCA Postdoctoral Fellowships 2021 ;HORIZON-MSCA-2021-PF-01;Individual Project;165.312,96;165.312,96;;1
101081475;MLFD;Closed;Media Literacy for Democracy;https://fidu.it/language/en/media-literacy-for-democracy-cerv-programme/;https://ec.europa.eu/info/funding-tenders/opportunities/portal/screen/opportunities/projects-details/43251589/101081475;Media Literacy for Democracy focuses on the promotion of an effective media literacy strategy based on the multidisciplinary approach and on the cross-sector cooperation with the aim to tackling disinformation, empowering citizens to make informed decisions and protect democratic values. To do this, the consortium brings together 6 partners from 5 EU countries (IT, IE, ES, BG, PL), which will implement 10 events, in collaboration with different stakeholders across the participating partners’ countries. ;1-10-2022;31-3-2024;Universidad de Jaén;University of Jaén;999849423;ESQ7350006H;Spain;37.7899027058327, -3.779711294561347;https://www.ujaen.es/;Citizens, Equality, Rights and Values Programme (CERV);;CERV-2022-CITIZENS-CIV;Partner;145.060,00;145.060,00;;6
101066032;PlasMOF;Closed;Mass spectrometry assisted sustainable green approaches for food safety and authenticity;;https://cordis.europa.eu/project/id/101066032;The agri-food chain has exhaustive controls throughout a product’s life cycle. Food authenticity and safety are fully supported by protocols and legislated by various organisations. To address quality, authenticity and safety challenges, the EU-funded PlasMOF project proposes cutting-edge solutions that rely on advanced mass spectrometry and innovative design materials. Using novel ionisation techniques based on dielectric barrier discharge ionisation and green sample preparation methods that are improved with metal-organic frameworks should offer several advantages in tackling food quality and safety issues. The project will implement these technologies to assess virgin olive oil authenticity and to detect fraud in this oil and other products such as wine.;1-10-2022;30-9-2024;Universidad de Jaén;University of Jaén;999849423;ESQ7350006H;Spain;37.7899027058327, -3.779711294561347;https://www.ujaen.es/;HORIZON.1.2 - Marie Skłodowska-Curie Actions (MSCA) ;MSCA Postdoctoral Fellowships 2021 ;HORIZON-MSCA-2021-PF-01;Individual Project;165.312,96;165.312,96;;1
101062775;MACOOIL;Closed;Multidimensional Approaches for Comprehensive Olive Oil Authentication;;https://cordis.europa.eu/project/id/101062775;Extra virgin olive oil is incredibly good for your health and delicious. It is also expensive. This is probably why the market is rife with fakes, frauds, and scams. The assessment of the quality, safety, and authenticity of virgin olive oil is important. The EU, the International Olive Council and The Codex Alimentarius (FAO-WHO) have established guidelines and regulations. However, current gaps in EU analytical methods include the detection of selected blends of olive oil mixed with other vegetable oils (seed oils), to identify fraud. The Marie Skłodowska-Curie Actions (MSCA) project MACOOIL will develop new tools to extend the potential to detect fraudulent practices of mixing virgin with refined (deodorised) lower-quality olive oil.;1-10-2022;30-9-2023;Universidad de Jaén;University of Jaén;999849423;ESQ7350006H;Spain;37.7899027058327, -3.779711294561347;https://www.ujaen.es/;HORIZON.1.2 - Marie Skłodowska-Curie Actions (MSCA) ;MSCA Postdoctoral Fellowships 2021 ;HORIZON-MSCA-2021-PF-01;Individual Project;181.152,96;181.152,96;;1
101100778;5Dculture;Closed;Deploying and Demonstrating a 3D cultural heritage space;https://5dculture.eu/;https://pro.europeana.eu/project/5dculture-deploying-and-demonstrating-a-3d-cultural-heritage-space;5Dculture enriches the offer of European 3D digital cultural heritage assets in the data space and fosters their reuse in important domains such as education, tourism and the wider cultural and creative sectors towards socially and economically sustainable outcomes. In particular, the project will: a) deliver high-quality 3D content by identifying and engaging existing datasets from partners’ collections focusing on topics of fashion, archaeology and architecture, all of which occupy a central place in the vast cultural heritage of Europe and b) develop several reuse scenarios, which will experiment with the aforementioned assets in their complexity (from high-quality to derivatives) in the following domains: Fashion Collections, Archaeological 3D Content, and Historic Buildings and Cityscapes.;1-1-2023;31-12-2024;Universidad de Jaén;University of Jaén;999849423;ESQ7350006H;Spain;37.7899027058327, -3.779711294561347;https://www.ujaen.es/;Digital Europe Programme (DIGITAL);DIGITAL-2022-CULTURAL-02-HERITAGE;DIGITAL-2022-CULTURAL-02;Partner;110.949,37;55.474,69;;12
2023-1-ES01-KA131-HED-000118177;;Closed;Mobility of higher education students and staff supported by internal policy funds (KA131-HED) - Coordinator: UNIVERSIDAD DE JAEN;;https://erasmus-plus.ec.europa.eu/projects/search/details/2023-1-ES01-KA131-HED-000118177;This action supports physical and blended mobility of higher education students and staff from EU Member States and third countries associated to Erasmus+ to any country in the world. Students in all study fields and cycles can take part in a study period or traineeship abroad. Higher education teaching and administrative staff can take part in professional development activities abroad, as well as staff from the field of work in order to teach and train students or staff at higher education institutions.;1-6-2023;31-7-2025;Universidad de Jaén;University of Jaén;999849423;ESQ7350006H;Spain;37.7899027058327, -3.779711294561347;https://www.ujaen.es/;Erasmus+;Learning Mobility of Individuals;ErasmusPlus_KA1_2023;Coordinator;;1.701.845,50;;1
LIFE20 NAT/ES/001487;LIFE Olivares Vivos +;Ongoing;LIFE Olivares Vivos + Increasing the impact of Olivares Vivos in the EU;https://www.olivaresvivos.com/life-olivares-plus/;https://webgate.ec.europa.eu/life/publicWebsite/project/LIFE20-NAT-ES-001487/life-olivares-vivos-increasing-the-impact-of-olivares-vivos-in-the-eu;Olive groves in the EU cover more than 5.3 million hectares, an area bigger than Belgium. One of the main crops in Spain, Italy, Greece and Portugal, olive groves are important for halting biodiversity loss and preserving stocks of natural resources – known as natural capital. An earlier LIFE project showed how biodiversity can be improved in olive groves while also halting soil loss and reducing pesticide use, thereby lowering production costs. SEO/BirdLife aims to expand the use of its model through a brand-new project, LIFE Olivares Vivos +. The team aims to receive at least 500 applications from farmers interested in applying the model and becoming ‘Olivares Vivos' certified. At least 10 000 hectares of olive groves harvested to produce olive oil - an area about 15 times the size of Gibraltar - are expected to receive certification, showing they help conserve biodiversity. Several farms will also be certified for table olive production. Thanks to the project, flora and fauna are expected to increase by 10% in just three years in newly certified farms, and pesticide use should fall by at least half.;1-9-2021;30-9-2026;Universidad de Jaén;University of Jaén;999849423;ESQ7350006H;Spain;37.7899027058327, -3.779711294561347;https://www.ujaen.es/;Programme for the Environment and Climate Action (LIFE);Nature and biodiversity;LIFE 2020;Partner;7.031.291,00;4.166.970,00;;9
CA20138;NEXUSNET;Ongoing;NETWORK ON WATER-ENERGY-FOOD NEXUS FOR A LOW-CARBON ECONOMY IN EUROPE AND BEYOND ;https://nexusnet-cost.com/;https://www.cost.eu/actions/CA20138/;An international network of researchers is working with policymakers and the business sector to better understand how the water-energy-food Nexus fosters policy coherence in the domains of water, energy and food, supporting the transition towards a circular and low-carbon economy in Europe. Focus is on job creation, enhancing wellbeing and care for the environment. The Nexus concept is tested at different scales (i.e. local, regional, national, European), while the international dimension is explored through the involvement of international proposers. More Nexus-compliant practices are foreseen through a knowledge sharing hub at European level and beyond. Public-private initiatives pave the path for Nexus compliant practices, building on network members’ advice. NEXUSNET will deliver examples of nexus compliant decision making, and recommendations to best achieve them, to come-up with an overview of Good Nexus Practices in Europe (policy coherence, Nexus-compliant practices and more coherent nexus evaluations). Transdisciplinary approaches are adopted to test Nexus compliant practices with the involvement of relevant stakeholders, while interaction and engagement with current and finished Nexus-related projects will be pursued. Academic Nexus knowledge will be translated into practical and applicable knowledge for the private sector or policy makers. A series of intense knowledge transfer and dissemination actions are planned to ensure that the network will have a significant impact in Europe and beyond.;22-9-2021;21-9-2025;Universidad de Jaén;University of Jaén;999849423;ESQ7350006H;Spain;37.7899027058327, -3.779711294561347;https://www.ujaen.es/;COST Action;;;Partner;;;;
101036900;REFFECT AFRICA;Ongoing;RENEWABLE ENERGIES FOR AFRICA: EFFECTIVE VALORIZATION OF AGRI-FOOD WASTES;https://www.reffect-africa.eu/;http://cordis.europa.eu/project/id/101036900;The number of people without access to electricity in Africa had dropped in recent years, from 860 million in 2018 to 770 million in 2019. However, the COVID-19 pandemic is reversing this positive trend. In this context, the EU-funded REFFECT AFRICA project will develop innovative, reliable and adapted sustainable energy solutions based on the valorisation of biomass wastes from agriculture and the food industry through biomass gasification. Full-scale demonstrators will be built in Morocco, Ghana and South Africa to consider both urbanised and rural contexts on the continent. The project will propose solutions for on-grid and off-grid communities, such as the generation of renewable energy, its transmission and the use of storage systems.;1-11-2021;31-10-2026;Universidad de Jaén;University of Jaén;999849423;ESQ7350006H;Spain;37.7899027058327, -3.779711294561347;https://www.ujaen.es/;H2020-EU.3.3. - SOCIETAL CHALLENGES - Secure, clean and efficient energy;LC-GD-2-3-2020 - Accelerating the green transition and energy access Partnership with Africa;H2020-LC-GD-2020;Coordinator;"	8100151,25";6.962.820,78;;28
CA21167;UniDive;Ongoing;Universality, diversity and idiosyncrasy in language technology;https://unidive.lisn.upsaclay.fr/;https://www.cost.eu/actions/CA21167/;Efficient access to the constantly growing quantities of data, especially of language data, largely relies on advances in data science. This domain includes natural language processing (NLP), which is currently booming, to the benefit of many end users. However, this optimization-based technological progress poses an important challenge:   accounting for and fostering language diversity. The UniDive Action takes two original stands on this challenge. Firstly, it aims at embracing both inter- and intra-language diversity, i.e. a diversity understood both in terms of the differences among the existing languages and of the variety of linguistic phenomena exhibited within a language. Secondly, UniDive does not assume that linguistic diversity is to be protected against technological progress but strives for both of these aims jointly, to their mutual benefit. Its approach is to: (i) pursue NLP-applicable universality of terminologies and methodologies, (ii) quantify inter- and intra-linguistic diversity, (iii) boost and coordinate universality- and diversity-driven development of language resources and tools. UniDive builds upon previous experience of European networks and projects which provided a proof of concept for language modelling and processing, unified across many languages but preserving their diversity. The main benefits of the Action will include, on the theoretical side, a better understanding of language universals, and on the practical side, language resources and tools covering, in a unified framework, a bigger variety of language phenomena in a large number of languages, including low-resourced and endangered ones.;23-9-2022;22-9-2026;Universidad de Jaén;University of Jaén;999849423;ESQ7350006H;Spain;37.7899027058327, -3.779711294561347;https://www.ujaen.es/;COST Action;;;Partner;;;;
2022-1-RO01-KA220-HED-000088365;NextGEng;Ongoing;International Cooperation Framework for Next Generation Engineering Students;https://nextgeng.eu/;https://erasmus-plus.ec.europa.eu/projects/search/details/2022-1-RO01-KA220-HED-000088365;The International Cooperation Framework for Next Generation Engineering Students project, NextGEng, is an international consortium with the aim of creating new international teaching models in close collaboration with companies. NextGEng follows the guide lines contemplated by the European Education Area rethinking the teaching methodologies to produce upgraded courses, featuring a student-centered approach in cooperation with other international institutions and companies.;1-10-2022;30-9-2025;Universidad de Jaén;University of Jaén;999849423;ESQ7350006H;Spain;37.7899027058327, -3.779711294561347;https://www.ujaen.es/;Erasmus+;Partnerships for cooperation and exchanges of practices;ErasmusPlus_KA2_2022;Partner;;400.000,00;;6
CA21146;PURPLEGAIN;Ongoing;Fundamentals and applications of purple bacteria biotechnology for resource recovery from waste;https://purplegain.eu/;https://www.cost.eu/actions/CA21146/;"The biotechnological development of purple phototrophic bacteria (PPB) focuses on resource recovery from waste sources, contributing to a circular bioeconomy. 

PURPLEGAIN aims to create a European network to share information, facilitating technology and knowledge transfer between the academic and industrial sectors, related to PPB applications for resource recovery from organic waste sources. Resource recovery includes wastewater or organic waste, open or closed environments, in single or chain processes. The network associates fundamental-focused and applied-research groups, improving lab-scale technology optimization through mechanistic modeling. It benefits the technology transfer from applied-research groups to industry, considerably improving process design.

PURPLEGAIN also aims to create a database for techno-economic, social and environmental impacts studies, which facilitates the marketability of both the PPB-based technologies and the products to extract. Some focused products are polyhydroxyalkanoates, single-cell proteins, biomass for energy, biomass as fertilizer, biohydrogen, carotenoids, terpenoids, organic acids, coenzyme Q10, and 5-aminolevulinic acid.";10-10-2022;9-10-2026;Universidad de Jaén;University of Jaén;999849423;ESQ7350006H;Spain;37.7899027058327, -3.779711294561347;https://www.ujaen.es/;COST Action;;;Partner;;;;
CA21123;CUPID;Ongoing;Cancer- Understanding Prevention in Intellectual Disabilities;https://cupidproject.eu/;https://www.cost.eu/actions/CA21123/;There is poor understanding of cancer prevention among people with intellectual disabilities. CUPID will establish a research agenda and knowledge base to improve this in the European Union and beyond. Among the European intellectual disabilities population, many cancer diagnoses are symptomatic presentations following on from behavioural distress or physical changes. Cancer deaths among this population occur up to 20 years earlier than the general population. Factors influencing unequal health status and premature death amongst people with intellectual disabilities warrant further investigation. Article 25 of the United Nations Convention on the Rights of People with Disabilities acknowledges their right to healthcare. The Council of Europe Disability Strategy 2017-2023 recognises health systems failure to engage with and include people with disabilities. Many external and internal factors influence healthcare engagement among this population resulting in long- term health consequences.  External factors include diagnostic overshadowing, paternalism and cancer screening delays during the COVID-19 pandemic. For the person challenges with communication, cognitive ability and decision-making capacity influence healthcare engagement. It is timely to develop collaborative links with the EU research and service provider communities to reach consensus on addressing these challenges. CUPID establishs active working partnerships with academics, researchers, non-governmental organisations, carers, people with intellectual disabilities and policy makers. CUPID will establish a research agenda and exchange information regarding cancer prevention in the intellectual disability population. Short term scientific exchanges, training schools, conferences and seminars using a hybrid approach will explore highlighted issues. Other network funding streams will not support this kind of activity.;25-10-2022;24-10-2026;Universidad de Jaén;University of Jaén;999849423;ESQ7350006H;Spain;37.7899027058327, -3.779711294561347;https://www.ujaen.es/;COST Action;;;Partner;;;;
2022-1-BE02-KA220-SCH-000087479;;Ongoing;One Stop CLIL Europe;;https://erasmus-plus.ec.europa.eu/projects/search/details/2022-1-BE02-KA220-SCH-000087479;The One Stop CLIL Europe project aims at high-quality CLIL education. It offers a whole school approach which supports school leaders, language and internal quality coordinators and teachers of CLIL, language teachers and other teachers as well as inititial teacher trainers. To reach this goal a harmonised set of texts and tools are developed with regard to e.g. curriculum realisation, didactics and pedagogy and quality assurance. CLIL support as it currently exists, lacks this holistic approach;1-1-2023;31-12-2025;Universidad de Jaén;University of Jaén;999849423;ESQ7350006H;Spain;37.7899027058327, -3.779711294561347;https://www.ujaen.es/;Erasmus+;Partnerships for cooperation and exchanges of practices;ErasmusPlus_KA2_2022;Partner;;400.000,00;;5
101095065;REPERTORIUM;Ongoing;Researching and Encouraging the Promulgation of European Repertory through Technologies Operating on Records Interrelated Utilising Machines;https://repertorium.eu/;http://cordis.europa.eu/project/id/101095065;"The EU-funded REPERTORIUM project is developing AI tools to automatically digitise and catalogue neumatic and classical manuscripts, and preserve and make accessible European musical heritage through sophisticated linked data models and APIs. Moreover, it is creating state-of-the-art (AI and algorithmic) sound processing technologies (e.g. sound source separation, sound field reconstruction, audio-to-score alignment) that will enable real-time low-cost metaverse-ready immersive audio streaming. Its outcomes will revolutionise music scholarship, enhance streaming revenues and empower musicians, including offering on-demand ""minus-one"" filters for practicing music students. These technologies will form the foundation of a general musical AI that fully unleashes the powers of machine learning upon the domain of European classical music heritage, advancing us towards a human-centred digital world.";1-1-2023;31-12-2025;Universidad de Jaén;University of Jaén;999849423;ESQ7350006H;Spain;37.7899027058327, -3.779711294561347;https://www.ujaen.es/;HORIZON.2.2 - Culture, creativity and inclusive society;HORIZON-CL2-2022-HERITAGE-01-02 - Europe’s cultural heritage and arts - promoting our values at home and abroad ;HORIZON-CL2-2022-HERITAGE-01;Coordinator;2.493.650,25;2.493.650,25;;10
101091255;SOIL O-LIVE;Ongoing;THE SOIL BIODIVERSITY AND FUNCTIONALITY OF MEDITERRANEAN OLIVE GROVES: A HOLISTIC ANALYSIS OF THE INFLUENCE OF LAND MANAGEMENT ON OLIVE OIL QUALITY AND SAFETY;https://soilolive.eu/;https://cordis.europa.eu/project/id/101091255;The olive tree is one of the most important oil-producing crops in the Mediterranean region. However, olive growers face many challenges due to intensive agriculture applications, land degradation, biodiversity impoverishment and functionality loss. In this context, the EU-funded SOIL O-LIVE project will implement a set of multidisciplinary and interdisciplinary projects. The aim is to diagnose the environmental situation of olive grove soils on a broad scale. The project will target the most significant areas of olive production in the Mediterranean region. SOIL O-LIVE will analyse the impact of pollution and land degradation on olive groves’ soils, investigate the relationship of soil health status with the quality and safety of olive oil, implement effective soil amendments and ecological restoration practices, and define rigorous ecological thresholds for healthy European olive groves.;1-1-2023;31-12-2027;Universidad de Jaén;University of Jaén;999849423;ESQ7350006H;Spain;37.7899027058327, -3.779711294561347;https://www.ujaen.es/;HORIZON.2.6 - Food, Bioeconomy Natural Resources, Agriculture and Environment ;HORIZON-MISS-2021-SOIL-02-03 - Linking soil health to nutritional and safe food;HORIZON-MISS-2021-SOIL-02;Coordinator;6.988.660,00;6.988.660,00;;15
101082621;EMINReM;Ongoing;EMINReM - Master Programme in Eco-Mining and Innovative Natural Resources Management;;https://erasmus-plus.ec.europa.eu/projects/search/details/101082621;"The Project ""Master Program in Eco-Mining Engineering and Innovative Natural Resourses Management (EMINReM)"" Wider Objective is to raise efficiency and ecological sustainability of mining works realization through the Partner-HEIs collaboration for training of new-generation-experts within environmental, economic and management attainments in the field of natural resources extraction and processing. It is aimed at development of the future experts` interdisciplinary openness, capability of understanding technological issues in a systematic and in-depth way, using the tools of modeling and evaluation of potential environmental risks, mitigating them in our fast developing world.
MP in EMINReM will be created in response to the current challenges of sustainable development and market needs. The Project supports transfer of the most recent knowledge and good practices developed at the Programme countries (EUMS/APC) - DE, ES & TR, in the field of Sustainable Eco-Mining Engineering, to other countries not associated to the Erasmus+ Programme (NAPC) - UA, KZ and UZ, considering all challenges that are required by modern EU and national technological, economic and environmental standards and trends (e.g. European Green Deal, Industry 4.0, etc.).
It is foreseen to develop the EU-based MP focused on the integration of the best EU practices and approaches in the field of EMINReM and introduce them in the NAPC HEIs; to develop Teaching Materials for EMINReM MP; to establish EMINReM LABs for students at 7 NAPC HEI; to launch Joint Virtual e-Learning Platform; to provide EMINReM students pilot and Experts' advanced trainings. Targets Groups: Potential HEI Entrants, Students, Teachers & Staff, Industry & NGO Representatives, State Authorities, Employers, Alumni.";1-3-2023;28-2-2026;Universidad de Jaén;University of Jaén;999849423;ESQ7350006H;Spain;37.7899027058327, -3.779711294561347;https://www.ujaen.es/;Erasmus+;Partnerships for cooperation and exchanges of practices;ErasmusPlus_KA2_2022;Partner;;713.174,00;;9
PCI2023-143418;ClimateCropping;Ongoing;Climate Smart Management for Resilient European Cropping Systems;https://www.ucd.ie/climatecropping/;https://www.era-learn.eu/network-information/networks/ejp-soil/2nd-ejp-soil-external-call-for-proposals/climatecropping-climate-smart-management-for-resilient-european-cropping-systems;Funded by the EJP Soil programme, ClimateCropping aims to provide scientific evidence, based on long term experiments, on how management of agricultural soils can contribute to climate change adaptation and mitigation, better cycling of nitrogen, phosphorus nutrients in European cropping systems.;1-6-2023;31-5-2026;Universidad de Jaén;University of Jaén;999849423;ESQ7350006H;Spain;37.7899027058327, -3.779711294561347;https://www.ujaen.es/;EJP SOIL;; 2nd EJP SOIL external call for proposals ;Partner;;;;11
2023-1-ES01-KA171-HED-000117451;;Ongoing;Mobility of higher education students and staff supported by external policy funds (KA171-HED) - Coordinator: UNIVERSIDAD DE JAEN (E10208705);;https://erasmus-plus.ec.europa.eu/projects/search/details/2023-1-ES01-KA171-HED-000117451;This action supports physical and blended mobility of higher education students and staff from/to third countries not associated to Erasmus+. Students in all study fields and cycles can take part in a study period or traineeship abroad. Higher education teaching and administrative staff can take part in professional development activities abroad, as well as staff from the field of work in order to teach and train students or staff at higher education institutions.;1-8-2023;31-7-2026;Universidad de Jaén;University of Jaén;999849423;ESQ7350006H;Spain;37.7899027058327, -3.779711294561347;https://www.ujaen.es/;Erasmus+;Learning Mobility of Individuals;ErasmusPlus_KA1_2023;Coordinator;;1.734.175,00;;1
2023-1-IT02-KA220-SCH-000161081;UPWELL;Ongoing;Teachers UPskilling for WELL-being in multicultural classrooms;;https://erasmus-plus.ec.europa.eu/projects/search/details/2023-1-IT02-KA220-SCH-000161081;UPWELL focuses on Professional Development and Teacher Self-Efficiency in Multicultural Classrooms in order to improve teachers well-being, and consequently provide a safe and inclusive space for the students.;1-9-2023;30-12-2025;Universidad de Jaén;University of Jaén;999849423;ESQ7350006H;Spain;37.7899027058327, -3.779711294561347;https://www.ujaen.es/;Erasmus+;Partnerships for cooperation and exchanges of practices;ErasmusPlus_KA2_2023;Partner;;250.000,00;;6
CA22111;ENVIRO-DEV;Ongoing;A European consortium to determine how complex, real-world environments influence brain development;http://mee.dev;https://www.cost.eu/actions/CA22111/ ;"The early years of brain development are critically influential for life-long outcomes. During early childhood, neurodevelopmental conditions emerge and vulnerabilities for longer-term problems are sown. Homes, schools and neighbourhoods shape children’s life chances, interacting with individual differences in cognition and behaviour to determine access to resources and quality of life. However, because almost all current research measures behaviour and brain function by taking children away from these natural environments into controlled lab settings, our knowledge of how early life settings shape development is surprisingly limited. We understand very little about the mechanisms through which specific environmental features impact development (e.g. the effects of variation in noise, clutter, social interaction etc); how these vary across European nations; and how they interact with neurodiverse learning styles. This limits us from designing personalised practical interventions to tailor early environments for different individuals. Under this COST Action we shall create the infrastructure and networks to allow for transformative new approaches to quantifying variability in the early life physical and social environments experienced by children across the EU. We will bring together currently siloed areas of expertise across Europe in new methods for studying children in their natural habitats; new perspectives on cultural and neurodiversity; and new ethical and legal frameworks to support large-scale collaborative developmental science. Our network will be a partnership across European nations and with neurodiverse communities to enable our work to be underpinned by co-creation, ensuring we are harnessing state-of-the-art research efforts to generate meaningful and impactful real- world outcomes.";22-9-2023;21-9-2027;Universidad de Jaén;University of Jaén;999849423;ESQ7350006H;Spain;37.7899027058327, -3.779711294561347;https://www.ujaen.es/;COST Action;;;Partner;;;;
101114988;INCIRCULAR;Ongoing;INtegrating Cybernated Innovation to Raise the scale of Circular Units Looping Allied Regions;https://incircular-project.eu/;https://ec.europa.eu/info/funding-tenders/opportunities/portal/screen/opportunities/projects-details/44416173/101114988/I3?order=DESC&pageNumber=1&pageSize=50&sortBy=title&isExactMatch=true&frameworkProgramme=44416173;"
Unlocking the innovation potential of European regions in circular plastics. INCIRCULAR offers the first EU interregional lighthouse for repurposing recycled plastic within industrial symbiosis. INCIRCULAR brings together three regional ecosystems involving complementary capabilities in a holistic demonstration project meant to scale up a unique process technology implemented in Slovenia while sourcing technologies from Spanish and French regions (process/digital twinning). ";1-10-2023;30-9-2026;Universidad de Jaén;University of Jaén;999849423;ESQ7350006H;Spain;37.7899027058327, -3.779711294561347;https://www.ujaen.es/;Interregional Innovation Investments Instrument (I3);I3 Project Grants;I3-2021-INV2a-MANU;Partner;4.284.236,13;2.998.965,31;;8
101114119;LIFE22-CCM-IT-LIFE OLIVER;Ongoing;OLIve tree for Verified Emission Reduction generation;https://ec.europa.eu/info/funding-tenders/opportunities/portal/screen/opportunities/projects-details/43252405/101114119/LIFE2027;https://webgate.ec.europa.eu/life/publicWebsite/project/LIFE22-CCM-IT-LIFE-OLIVER-101114119/olive-tree-for-verified-emission-reduction-generation;LIFE OLIVER aims to develop a financial incentive system for the olive oil production sector based on exchanging emission credits derived from adopting a carbon farming approach in the voluntary carbon credit market. ;1-10-2023;30-9-2027;Universidad de Jaén;University of Jaén;999849423;ESQ7350006H;Spain;37.7899027058327, -3.779711294561347;https://www.ujaen.es/;Programme for the Environment and Climate Action (LIFE);;LIFE-2022-SAP-CLIMA-CCM;Partner;2.999.782,06;1.799.869,25;;11
CA22123;EU-MACE;Ongoing;European Materials Acceleration Center for Energy;https://eu-mace.eu/;https://www.cost.eu/actions/CA22123/;Materials have played a decisive role in nearly all rupture technologies in the industrial history of our society. Faced with the current climate, geopolitical and humanitarian crisis, many international and regional entities (political, industrial and scientific alike) recognize the importance of a strong materials innovation ecosystem for driving the clean energy transition. In response, self-driving laboratories (SDL) (a.k.a. MAPs – materials acceleration platforms) are created at institutional, regional and international levels. SDLs integrate combinatorial synthesis, high-throughput characterization, automated analysis and machine learning for fast-track discovery and optimization of advanced materials. While these platforms are proving their effectiveness in producing advanced materials with targeted functionalities and physical properties, a large margin of improvement still exists. Streamlining materials integration into components and to safe and sustainable products is one example challenge in order to enable rupture technology. Another challenge is that of geographical concentration of MAPs that practically excludes a substantial fraction of research labs and tech-companies in Europe from contributing and benefiting from such platforms. Finally, next generation material science researchers need to develop new skills to be able to integrate such systemic and automated approach into their future R&D framework. To this end, EU-MACE will become an ecosystem for accelerated materials development at the user end, gathering researchers and stakeholders with state-of-the-art digital and material competences combined with the market/social pull.  Our inclusive & systemic approach will lay the foundation for a future centre of excellence for advanced functional materials to assist transition toward a united and stronger EU.;3-10-2023;2-10-2027;Universidad de Jaén;University of Jaén;999849423;ESQ7350006H;Spain;37.7899027058327, -3.779711294561347;https://www.ujaen.es/;COST Action;;;Partner;;;;
CA22157;RECROP;Ongoing;Reproductive Enhancement of CROP resilience to extreme climate;https://www.recrop-cost.com/;https://www.cost.eu/actions/CA22157/;Climate change is a threat for food security as extreme weather phenomena will reduce the yield of all major crops. Grain and fruit crops which consist the core of human diet are particularly vulnerable due to the sensitivity of sexual reproduction process to abiotic stresses. Consequently, there is an urgent need to generate elite varieties with enhanced reproductive stress resilience. RECROP (Reproductive Enhancement of CROP resilience to extreme climate) is a team of agronomists, physiologists, geneticists, biologists, bioinformaticians and researchers from the field of Machine Learning from public organizations and private sector which will use holistic approaches to understand the grounds of crop sensitivity and design solutions for yield stimulation in the era of climate change. RECROP aims to: (1) Identify the genetic, molecular, and physiological makeup of the sensitivity of crop reproduction, (2) Create a roadmap for the generation of resilient crops, and (3) Provide guidelines of exogenous treatments to increase resilience in a sustainable manner and push the limits of the genetically inherited stress tolerance. The aims will be fulfilled by four Working Groups (WGs) which in addition to research discussions will organize training schools, workshops, conferences, and dissemination activities. RECROP will actively support Early Stage Career researchers through training and networking and support interactions with Near Neighbouring and partner COST countries. RECROP members will be actively involved in building communication channels with Policy Makers to provide scientific advice and support them in scientific-based context of future policies on biotechnology, technology and agriculture sectors.;4-10-2023;3-10-2027;Universidad de Jaén;University of Jaén;999849423;ESQ7350006H;Spain;37.7899027058327, -3.779711294561347;https://www.ujaen.es/;COST Action;;;Partner;;;;
101136139;CRETE VALLEY;Ongoing;Crete Renewable Energy Valley ;https://cretevalley.eu/;http://cordis.europa.eu/project/id/101136139;"The EU-funded CRETE VALLEY project is dedicated to establishing a renewable energy valley (REV-Valley) on Crete. This decentralised renewable energy system will integrate advanced ICT technologies, open digital solutions, social innovation processes and user-friendly business models. The project aims to showcase an innovative energy landscape tailored to meet the local community's energy needs, leveraging various renewable energy sources and storage technologies. As part of this initiative, a living lab (REV-Lab) consisting of four community-centred renewable energy labs will be established; this innovation hub will emphasise a commitment to sustainable and community-oriented energy transformation.";1-12-2023;30-11-2028;Universidad de Jaén;University of Jaén;999849423;ESQ7350006H;Spain;37.7899027058327, -3.779711294561347;https://www.ujaen.es/;HORIZON.2.5 - Climate, Energy and Mobility;HORIZON-RIA (Research and Innovation Actions);HORIZON-CL5-2023-D3-01 ;Partner;25.251.083,75;19.960.911,88;;40
2023-1-LV01-KA220-ADU-000160743;;Ongoing;Helping IntanGible Heritage REsilience through Storytelling;;https://erasmus-plus.ec.europa.eu/projects/search/details/2023-1-LV01-KA220-ADU-000160743;HIGHRES aims to promote the use of digital storytelling as a tool to preserve and promote intangible cultural heritage, creating new opportunities and tackling inequalities in rural areas. The main objective of HIGHRES is to provide local communities with the necessary competences to know, keep alive, transmit and promote their intangible heritage through digital narratives, thus ensuring that such heritage is not lost but rather used as a tool for the promotion of sustainable local development.;31-12-2023;30-12-2025;Universidad de Jaén;University of Jaén;999849423;ESQ7350006H;Spain;37.7899027058327, -3.779711294561347;https://www.ujaen.es/;Erasmus+;Partnerships for cooperation and exchanges of practices;ErasmusPlus_KA2_2023;Partner;;250.000,00;;6
101124794;NEOLAiA;Ongoing;NEOLAiA – Transforming Regions for an Inclusive Europe;https://neolaiacampus.eu/;https://erasmus-plus.ec.europa.eu/projects/search/details/101124794;"NEOLAiA is transforming regional connectivity by embracing (i) digital transformation, through (ii) inclusion and diversity in a context of (iii) enhanced mobility. These are the 3 key NEOLAiA pillars that support our alliance, founded in 2019 by young dynamic universities from 9 European countries. We see our role within small and mid-sized cities with the potential to boldly transform the European higher education system and society, from a bottom-up perspective, bringing sustainable innovations for social and economic prosperity not only to our regions, but to the EU as a whole and beyond. Our vision and premise are predicated on strong values as a European University, firmly supported in its three core missions of (i) educating our citizens for an informed, inclusive and diverse union of nations; (ii) researching for new knowledge creation with purpose and, (iii) engaging with our societies, giving them voice in a context of increased dilemmas, between an inequitable globalization model and towards an unknown future.";1-1-2024;31-12-2027;Universidad de Jaén;University of Jaén;999849423;ESQ7350006H;Spain;37.7899027058327, -3.779711294561347;https://www.ujaen.es/;Erasmus+;Partnerships for cooperation and exchanges of practices;ErasmusPlus_KA2_2023;Coordinator;;14.398.401,00;;9
Euro-MED0200570;OliveOilMedNet;Ongoing;Mediterranean Network for the Promotion of Sustainability & Authenticity in Olive Oil Sector;https://oliveoilmednet.interreg-euro-med.eu/;https://keep.eu/projects/29225/Mediterranean-Network-for-t-EN/;OliveOilMedNet improves the olive oil sector by introducing innovative and effective ways  through testing & validating relevant existing novel and ecofriendly concepts on the field of “sustainability” and “authenticity. To attain its’ objective, it brings together Public Authorities, Producers’ Associations and Research Institutions from 7 Mediterranean countries, adopting, further building and go beyond on the existing practices that have been already developed. OliveoilMedNet strengthens the capacity of the national/regional/local authorities engaged in the policymaking in the olive oil sector, and the capacity of olive oil companies to produce more competitive, “authentic” and “green” olive oil products.;1-1-2024;30-6-2026;Universidad de Jaén;University of Jaén;999849423;ESQ7350006H;Spain;37.7899027058327, -3.779711294561347;https://www.ujaen.es/;Interreg EURO Mediterranean (EURO MED) ;;;Partner;2.529.900,00;2.023.920,00;;10
101106164;FIDELITY;Ongoing;Fairness and Explanations in Group Recommender Systems. Towards Trustworthiness and transparency;;http://cordis.europa.eu/project/id/101106164;E-commerce ecosystems and social media platforms employ intelligent tools for content recommendations and post moderation. Group recommender systems (GRS) are gaining popularity, but the demand for greater transparency in the algorithms and decision-making processes has a negative impact on job opportunities, e-commerce, and exposure to news. Ensuring fairness and explainability is crucial to establish transparency and build trust in AI-based systems like GRS. However, while traditional individual recommender systems (RS) have made efforts to enhance these aspects, they have yet to be explored in GRS. The MSCA-funded FIDELITY project is devoted to developing new algorithms and tools to improve explanation, fairness, and synergy within GRS. The project incorporates post hoc explanation techniques to bridge the gap between explanation and fairness in RS and GRS.;1-5-2024;30-4-2026;Universidad de Jaén;University of Jaén;999849423;ESQ7350006H;Spain;37.7899027058327, -3.779711294561347;https://www.ujaen.es/;HORIZON.1.2 - Marie Skłodowska-Curie Actions (MSCA);MSCA Postdoctoral Fellowships 2022 ;HORIZON-MSCA-2022-PF-01 ;Individual Project;181.152,96;181.152,96;;1
2024-1-ES01-KA131-HED-000214403;;Ongoing;Mobility of higher education students and staff supported by internal policy funds (KA131-HED) - Coordinator: UNIVERSIDAD DE JAEN;;https://erasmus-plus.ec.europa.eu/projects/search/details/2024-1-ES01-KA131-HED-000214403;This action supports physical and blended mobility of higher education students and staff from EU Member States and third countries associated to Erasmus+ to any country in the world. Students in all study fields and cycles can take part in a study period or traineeship abroad. Higher education teaching and administrative staff can take part in professional development activities abroad, as well as staff from the field of work in order to teach and train students or staff at higher education institutions.;1-6-2024;31-7-2026;Universidad de Jaén;University of Jaén;999849423;ESQ7350006H;Spain;37.7899027058327, -3.779711294561347;https://www.ujaen.es/;Erasmus+;Learning Mobility of Individuals;ErasmusPlus_KA1_2024;Coordinator;;1.873.179,00;;1
101157502;LivingSoiLL;Ongoing;Healthy Soil to Permanent Crops Living Labs ;https://www.livingsoill.eu/;http://cordis.europa.eu/project/id/101157502;Healthy soil is at the heart of the European Green Deal and one of the main targets of the Mission Board. The EU is currently struggling with soil degradation which is undoubtedly linked to agriculture intensification. Thus, a new soil management paradigm on soil monitoring, restoration and protection must be an endeavour of farmers, scientists, businesses, politicians and citizens. LivingSoiLL intends to respond to these challenges by establishing 5 Living Labs (LLs) in PT, FR, ES, IT and PL focused on permanent crops (vineyards, olive groves, chestnuts, hazelnuts and apple orchards), comprising at least 50 demonstration sites and 10 lighthouses, and with active participation of more than 2000 local actors. These LLs will focus on improving healthy soils and ecosystem services through co-creating, co-implementing and co-testing (digital) solutions to reduce erosion, improve soil structure, reduce the impacts of the intensive use of fertilizers and pesticides, increase water storage, enhance soil biodiversity, and the overall resilience of soil. By promoting locally adjusted innovative solutions, spreading sustainable soil management practices and enhancing soil literacy, LivingSoilLL will contribute to the overall improvement of soil health and environmental resilience. This approach, applied in real-life settings, will mobilize farmers, farm advisors and local communities, facilitating the assemblage of formal, scientific knowledge with experience-based farmer´s know-how, fostering a forum for the exchange of experiences and best practices. LivingSoilLL is also designed to produce policy recommendations on best soil management practices on permanent crops to reduce erosion while promoting other soil health indicators. With its approach, LivingSoiLL projects intends to contribute to creating the necessary conditions to EU be able to sustain healthy soils for future generations.;1-6-2024;30-11-2028;Universidad de Jaén;University of Jaén;999849423;ESQ7350006H;Spain;37.7899027058327, -3.779711294561347;https://www.ujaen.es/;HORIZON.2.2 - Culture, creativity and inclusive society ;HORIZON-MISS-2023-SOIL-01-08 - Co-creating solutions for soil health in Living Labs;HORIZON-MISS-2023-SOIL-01;Partner;11.999.990,00;11.999.990,00;;42
81309362;ASWAN;Ongoing;Ways to protect and enhance cultural heritage in West Aswan;https://www.giz.de/en/worldwide/206708.html;;;1-7-2024;31-12-2026;Universidad de Jaén;University of Jaén;999849423;ESQ7350006H;Spain;37.7899027058327, -3.779711294561347;https://www.ujaen.es/;;;;Coordinator;;;;
2024-1-ES01-KA171-HED-000216901;;Ongoing;Mobility of higher education students and staff supported by external policy funds (KA171-HED) - Coordinator: UNIVERSIDAD DE JAEN (E10208705);;https://erasmus-plus.ec.europa.eu/projects/search/details/2024-1-ES01-KA171-HED-000216901;This action supports physical and blended mobility of higher education students and staff from/to third countries not associated to Erasmus+. Students in all study fields and cycles can take part in a study period or traineeship abroad. Higher education teaching and administrative staff can take part in professional development activities abroad, as well as staff from the field of work in order to teach and train students or staff at higher education institutions.;1-8-2024;31-7-2027;Universidad de Jaén;University of Jaén;999849423;ESQ7350006H;Spain;37.7899027058327, -3.779711294561347;https://www.ujaen.es/;Erasmus+;Learning Mobility of Individuals;ErasmusPlus_KA1_2024;Coordinator;;984.529,00;;1
CA23107;EU-NESA;Ongoing;Network for Evidence Synthesis in The Agri-Food Sector;;https://www.cost.eu/actions/CA23107/;"

This COST Action aims to address the need for increased productivity, efficiency, and environmental sustainability in agri-food systems, driven by global population growth. To achieve this, agri-food decision-making has to be informed by the best available evidence.

The proposed action seeks to establish an international, European-based hub and network dedicated to supporting and promoting the use of evidence syntheses (ES) in agri-food systems. ES methods systematically collate and evaluate existing evidence to inform new studies and decision-making, ensuring validity, efficiency, and accessibility. By embracing the ES approach, stakeholders can enhance the quality of decision-making processes -underpinned by robust and unbiased evidence – while saving valuable time in achieving sustainability. ES is increasingly used to support agri-food decision making, but the community is disparate and unconnected, impacting on the efficiency of methods and uptake. 

The objectives of NESA are to raise awareness among decision-makers and academia about the value of ES; to enhance the European capacity for delivery of robust evidence syntheses; and to facilitate their use for informed decision-making. This initiative will enable all parties to make informed decisions and contribute to the broader context of the agri-food sector’s development. The proposal emphasizes the involvement of various stakeholders in prioritizing and utilising ES to guide the transition towards sustainable development in the agri-food sector.
EU-NESA recognizes the rapid development and impact potential of ES in addressing the challenges faced by the agri-food sector. The establishment and activities of the EU-NESA Action will foster collaboration and knowledge exchange to drive sustainable practices.";1-10-2024;30-9-2028;Universidad de Jaén;University of Jaén;999849423;ESQ7350006H;Spain;37.7899027058327, -3.779711294561347;https://www.ujaen.es/;COST Action;;;Partner;;;;
101160868;RePowerSiC;Ongoing;HIGH-EFFICIENCY HIGH-POWER LASER BEAMING IN-SPACE SYSTEMS BASED ON SIC ;https://repowersic.eu/;http://cordis.europa.eu/project/id/101160868;Wireless power transfer has the potential to revolutionise energy systems, but current technology faces limitations. Laser power converters (LPCs), which use light to transmit energy, struggle with efficiency losses at high intensities. These losses occur because the materials used in LPCs cannot handle intense energy without losing power. The EU-funded RePowerSiC project addresses this challenge by using silicon carbide (SiC) instead of traditional materials to create more efficient converters that can handle higher power densities. With a goal of increasing efficiency to over 80 %, RePowerSiC could unlock opportunities in areas like satellite power and space exploration.;1-10-2024;30-9-2028;Universidad de Jaén;University of Jaén;999849423;ESQ7350006H;Spain;37.7899027058327, -3.779711294561347;https://www.ujaen.es/;HORIZON.3.1 - The European Innovation Council (EIC);HORIZON-EIC;HORIZON-EIC-2023-PATHFINDERCHALLENGES-01;Partner;4.025.771,25;3.999.997,25;;6
101160837;SICAPERMA;Ongoing;Sustainable Innovation investment Catapult for Permanent Magnets ;https://www.sicaperma.eu/;https://ec.europa.eu/info/funding-tenders/opportunities/portal/screen/opportunities/projects-details/44416173/101160837/I3?isExactMatch=true&frameworkProgramme=44416173&order=DESC&pageNumber=1&pageSize=50&sortBy=title;"SICAPERMA offers the first specialisation area where Less Developed Regions can become the leaders in EU Resilience: Nd-Fe-B Recycling Technologies. SICAPERMA will build a tech-based value chain that does currently not exist in Europe and will do so by tapping into less developed regions’ uncovered tech capabilities.
To that end we will implement 3 collaborative demonstration pilots reaching market scale (in Permanent Magnet (PM) not driven by same volumes than other low-end metals but with much higher economic leverage). These will be focused on Demonstrating 1/ Multi-stream PM dismantling and processing 2/ Innovative Sintered and Bonded PM Production from recycled material 3/ Innovative integration of recycled magnets in strategic EU applications (motors, etc.).";1-10-2024;31-3-2027;Universidad de Jaén;University of Jaén;999849423;ESQ7350006H;Spain;37.7899027058327, -3.779711294561347;https://www.ujaen.es/;Interregional Innovation Investments Instrument (I3);I3 Project Grants;I3-2023-INV2a;Coordinator;6.244.984,65;4.371.482,88;;15
CA23118;FOGOS;Ongoing;Futures-oriented Governance of Outer Space: Towards Peace, Equity, and Environmental Integrity;https://fogos.space/web/;https://www.cost.eu/actions/CA23118/;"The COST Action “Futures-Oriented Governance of Outer Space: Towards Peace, Equity, and Environmental Integrity” (FOGOS) brings together researchers from Europe and beyond that work on diverse aspects of space governance and space futures across scientific disciplines. Starting from a comprehensive concept of sustainability that encompasses peace, equity, and environmental integrity as its core components, the aim of FOGOS is to improve the understanding of governance mechanisms and processes that can facilitate the attainment of sustainable space futures towards the middle of the 21st century for Europe. FOGOS will engage in a stocktake of existing governance mechanisms and processes; evaluate their potential deficits, gaps, and inconsistencies; and propose policy recommendations towards a grand political bargain aligned with the achievement of sustainable space futures over approximately the next three decades. The Action will do so by engaging policymakers and stakeholders from industry, science, and civil society. Through its networking and capacity-building activities, FOGOS will put Europe center stage in the contemporary global debate on outer space and its futures.";8-10-2024;7-10-2028;Universidad de Jaén;University of Jaén;999849423;ESQ7350006H;Spain;37.7899027058327, -3.779711294561347;https://www.ujaen.es/;COST Action;;;Partner;;;;
CA23153;YouthDMH;Ongoing;Digital Mental Health for Young People;https://youthdmh.eu/;https://www.cost.eu/actions/CA23153/;Institutions including the World Health Organisation and European Commission have called for urgent action to address societal challenges in mental health. Young people have been identified as particularly vulnerable and requiring urgent support. The European Commission recently stated: “Europe is witnessing a worsening of the mental health of the younger generations”. YouthDMH is specifically designed to help in addressing this challenge. It will focus on the role that digital technologies can play in supporting the mental health needs of young people. Overall, it will consider the ways in which technology can support mental health from the point at which young people first become aware of the difficulties, through to the delivery of large-scale evidence-based interventions. It will do so in a way that ensures young people and marginalised communities have a voice in envisaging the future. The core aim is to maximise the positive application of technology, whilst also mitigating the potential negative impact. The YouthDMH COST Action will establish a sustainable pan-European network, that is inclusive, interdisciplinary and intersectoral. It will support knowledge transfer, creation and dissemination and lay the foundations for coordinated research on the use of technology to support mental health in young people. Activities throughout the Action will help bridge the gap between research and practice. The Action will also provide policy guidance and recommendations for government, civil organisations and funding bodies.;24-10-2024;23-10-2028;Universidad de Jaén;University of Jaén;999849423;ESQ7350006H;Spain;37.7899027058327, -3.779711294561347;https://www.ujaen.es/;COST Action;;;Partner;;;;
CA23157;MultiViewLCSA;Ongoing;European Network for Multiple View Life Cycle Sustainability Assessment;;https://www.cost.eu/actions/CA23157/;MultiViewLCSA aims to bring together academia, industry and policy makers into a pan-European network to advance the research frontier of Life Cycle Sustainability Assessment (LCSA) to facilitate sustainable business models (BM). On the one hand, LCSA is on a relatively immature state which is characterized in terms of varied maturity in the assessment of three sustainability pillars (environmental, economic and social), limited data availability and data quality, unharmonized integration methodology, and manual LCSA tools with high requirements on personal skills. On the other hand, emerging BMs such as servitization BM and dematerialized BM are flourishing. More traditional business sectors are making attempts to explore them to look for new profit growth points. Pushed by the strict sustainability regulations, they are willing to implement sustainable business scenarios with the innovative BMs. However, the current LCSA methodology assess sustainability on basis of product rather than the way of creating value, and are too general to organize data in the view of BMs. With the vision of building sustainable society, this action will build an interdisciplinary community which involve the required expertise across the whole value chain to probe into feasible solutions in terms of multiple view modelling technique for LCSA, data governance framework and automatic LCSA tool. It will strengthen the collaborations between countries across and beyond Europe with concern of less research intensive countries. MultiViewLCSA will have a strong focus on knowledge sharing, and encourage early career researchers to play leadership roles in the Action to accelerate their career development.;28-10-2024;27-10-2028;Universidad de Jaén;University of Jaén;999849423;ESQ7350006H;Spain;37.7899027058327, -3.779711294561347;https://www.ujaen.es/;COST Action;;;Partner;;;;
CA23113;CliMent;Ongoing;Climate change impacts on mental health in Europe;https://cost-climent.eu/;https://www.cost.eu/actions/CA23113/;"Mental health problems are a major issue in Europe and climate change is a force majeure that poses a tangible risk with unforeseeable consequences. Yet, the link between climate change and mental health remains largely unexplored, especially with respect to impact assessment at individual and societal level, and treatment possibilities. CliMent aims: a) to better understand how climate change affects mental health in Europe; b) to explore the coping strategies and further develop them; c) to implement short-term behavioural interventions to instigate societal action; and d) to implement long-term ways to promote sustainability. This will be achieved through four working groups (WGs) working in coordination to conduct systematic and scoping reviews, produce surveys and reports, and organise knowledge dissemination activities. WG1 will assess mental health impacts of climate change; WG2 will identify adaptive strategies and treatment possibilities; WG3 will map out short-term behavioural interventions to instigate societal actions; while WG4 will assess long-term strategies to enable sustainability. CliMent will harness the potential of the European network and will bridge multiple disciplines to tackle climate change-related mental health challenges. The expected outcomes are manifold and multifaceted including (but not limited to): accumulation and consolidation of scientific evidence; career support for mental health scientists and care providers; empowerment of citizens, educators, and policymakers via Communities of Practice specialised in dealing with the effects of climate change on mental health. As such, CliMent will help Europe maintain its individual and societal well-being amidst the challenges posed by climate change.";29-10-2024;28-10-2028;Universidad de Jaén;University of Jaén;999849423;ESQ7350006H;Spain;37.7899027058327, -3.779711294561347;https://www.ujaen.es/;COST Action;;;Partner;;;;
101179839;;Ongoing;EDGE - Fostering international competitiveness of Azerbaijan Universities through efficient internationalization at home strategy;;https://erasmus-plus.ec.europa.eu/projects/search/details/101179839;The project aims to enhance the international competitiveness of Azerbaijani universities through effective internationalization-at-home strategies and faculty development. It aligns with the Erasmus+ Capacity Building in Higher Education (CBHE) program to improve education quality, modernize governance, and foster innovation and socio-economic growth. The initiative adopts a comprehensive approach to internationalization, involving the development of realistic and tailored internationalization strategies for each university. The specific objectives include boosting internationalization capacity by establishing or modernizing International Relations departments in six Azerbaijani universities, among other strategic goals, to address the needs and gaps identified in the current internationalization level.;1-12-2024;30-11-2026;Universidad de Jaén;University of Jaén;999849423;ESQ7350006H;Spain;37.7899027058327, -3.779711294561347;https://www.ujaen.es/;Erasmus+;Partnerships for cooperation and exchanges of practices;ErasmusPlus_KA2_2024;Partner;;399.870,34;;10
101193032;BeyondBattRec;Ongoing;Beyond state-of-the-art battery recycling by increasing the selectivity and specificity of efficient preprocessing technologies ;https://www.beyondbattrec.eu/;http://cordis.europa.eu/project/id/101193032;Recycling used batteries is a major challenge for Europe’s sustainability goals. Current methods do not recover enough valuable materials, hindering the transition to a circular economy. This inefficiency increases the need for new raw materials, which is costly and unsustainable. As Europe aims for climate neutrality by 2050, improving battery recycling is crucial. In this context, the EU-funded project tackles this problem by integrating new technologies and digital tools to enhance recycling rates. With a 13-partner team across seven EU countries, the project focuses on recovering key materials like cobalt, copper, lithium, and nickel. BeyondBattRec will help Europe meet its recycling targets while strengthening its battery industry’s global competitiveness.;1-12-2024;30-11-2028;Universidad de Jaén;University of Jaén;999849423;ESQ7350006H;Spain;37.7899027058327, -3.779711294561347;https://www.ujaen.es/;HORIZON.2.5 - Climate, Energy and Mobility;HORIZON-RIA (Research and Innovation Actions);HORIZON-CL5-2024-D2-01;Partner;7.453.524,75;7.453.524,75;;12